300,0
301,0
302,0
303,0
304,0
305,0
306,0
307,0
308,0
309,0
310,0
311,0
312,0
313,0
314,0
315,0
316,0
317,0
318,0
319,0
320,0
321,0
322,0
323,0
324,0
325,0
326,0
327,0
328,0
329,0
330,0
331,0
332,0
333,0
334,0
335,0
336,0
337,0
338,0
339,0
340,0
341,0
342,0
343,0
344,0
345,0
346,0
347,0
348,0
349,0
350,0
351,0
352,0
353,0
354,0
355,0
356,0
357,0
358,0
359,0
360,0
361,0
362,0
363,0
364,0
365,0
366,0
367,0
368,0
369,0
370,0
371,0
372,0
373,0
374,0
375,0
376,0
377,0
378,0
379,0
380,0
381,0
382,0
383,0
384,0
385,0
386,0
387,0
388,0
389,0
390,0.000414616
390.1,0.000422728
390.2,0.00043099
390.3,0.000439407
390.4,0.000447979
390.5,0.00045671
390.6,0.000465602
390.7,0.000474658
390.8,0.00048388
390.9,0.000493271
391,0.000502833
391.1,0.00051257
391.2,0.000522484
391.3,0.000532577
391.4,0.000542853
391.5,0.000553314
391.6,0.000563964
391.7,0.000574804
391.8,0.000585838
391.9,0.000597069
392,0.000608499
392.1,0.000620132
392.2,0.000631971
392.3,0.000644018
392.4,0.000656276
392.5,0.00066875
392.6,0.000681441
392.7,0.000694352
392.8,0.000707488
392.9,0.000720851
393,0.000734444
393.1,0.00074827
393.2,0.000762333
393.3,0.000776635
393.4,0.00079118
393.5,0.000805972
393.6,0.000821013
393.7,0.000836307
393.8,0.000851857
393.9,0.000867667
394,0.000883739
394.1,0.000900077
394.2,0.000916685
394.3,0.000933565
394.4,0.000950721
394.5,0.000968157
394.6,0.000985875
394.7,0.00100388
394.8,0.00102217
394.9,0.00104076
395,0.00105965
395.1,0.00107883
395.2,0.00109832
395.3,0.00111811
395.4,0.00113821
395.5,0.00115863
395.6,0.00117936
395.7,0.00120042
395.8,0.00122179
395.9,0.0012435
396,0.00126553
396.1,0.0012879
396.2,0.0013106
396.3,0.00133365
396.4,0.00135704
396.5,0.00138077
396.6,0.00140485
396.7,0.00142929
396.8,0.00145409
396.9,0.00147924
397,0.00150475
397.1,0.00153063
397.2,0.00155688
397.3,0.0015835
397.4,0.0016105
397.5,0.00163787
397.6,0.00166562
397.7,0.00169376
397.8,0.00172228
397.9,0.00175119
398,0.00178049
398.1,0.00181019
398.2,0.00184028
398.3,0.00187077
398.4,0.00190166
398.5,0.00193296
398.6,0.00196466
398.7,0.00199677
398.8,0.00202929
398.9,0.00206222
399,0.00209557
399.1,0.00212933
399.2,0.00216352
399.3,0.00219812
399.4,0.00223314
399.5,0.00226858
399.6,0.00230445
399.7,0.00234075
399.8,0.00237747
399.9,0.00241462
400,0.00245219
400.1,0.0024902
400.2,0.00252864
400.3,0.00256752
400.4,0.00260684
400.5,0.0026466
400.6,0.00268681
400.7,0.00272748
400.8,0.00276859
400.9,0.00281017
401,0.00285222
401.1,0.00289473
401.2,0.00293771
401.3,0.00298117
401.4,0.00302511
401.5,0.00306954
401.6,0.00311446
401.7,0.00315987
401.8,0.00320578
401.9,0.00325219
402,0.00329912
402.1,0.00334655
402.2,0.00339451
402.3,0.00344299
402.4,0.003492
402.5,0.00354154
402.6,0.00359162
402.7,0.00364225
402.8,0.00369343
402.9,0.00374517
403,0.00379747
403.1,0.00385033
403.2,0.00390378
403.3,0.0039578
403.4,0.00401241
403.5,0.00406761
403.6,0.00412342
403.7,0.00417983
403.8,0.00423685
403.9,0.0042945
404,0.00435277
404.1,0.00441168
404.2,0.00447123
404.3,0.00453143
404.4,0.00459229
404.5,0.00465381
404.6,0.00471601
404.7,0.00477889
404.8,0.00484247
404.9,0.00490674
405,0.00497172
405.1,0.00503741
405.2,0.00510382
405.3,0.00517096
405.4,0.00523881
405.5,0.00530738
405.6,0.00537667
405.7,0.00544668
405.8,0.00551741
405.9,0.00558885
406,0.00566101
406.1,0.00573389
406.2,0.00580748
406.3,0.00588179
406.4,0.0059568
406.5,0.00603252
406.6,0.00610895
406.7,0.00618607
406.8,0.00626389
406.9,0.00634241
407,0.00642161
407.1,0.0065015
407.2,0.00658207
407.3,0.00666331
407.4,0.00674522
407.5,0.00682779
407.6,0.00691101
407.7,0.00699489
407.8,0.0070794
407.9,0.00716454
408,0.00725031
408.1,0.0073367
408.2,0.00742369
408.3,0.00751127
408.4,0.00759945
408.5,0.0076882
408.6,0.00777751
408.7,0.00786738
408.8,0.00795778
408.9,0.00804872
409,0.00814017
409.1,0.00823213
409.2,0.00832457
409.3,0.00841749
409.4,0.00851086
409.5,0.00860468
409.6,0.00869893
409.7,0.00879359
409.8,0.00888864
409.9,0.00898407
410,0.00907986
410.1,0.00917599
410.2,0.00927246
410.3,0.00936926
410.4,0.0094664
410.5,0.00956386
410.6,0.00966166
410.7,0.00975978
410.8,0.00985822
410.9,0.00995699
411,0.0100561
411.1,0.0101555
411.2,0.0102552
411.3,0.0103553
411.4,0.0104556
411.5,0.0105563
411.6,0.0106573
411.7,0.0107587
411.8,0.0108603
411.9,0.0109623
412,0.0110646
412.1,0.0111672
412.2,0.0112701
412.3,0.0113733
412.4,0.0114769
412.5,0.0115808
412.6,0.011685
412.7,0.0117896
412.8,0.0118944
412.9,0.0119997
413,0.0121052
413.1,0.0122111
413.2,0.0123174
413.3,0.0124239
413.4,0.0125309
413.5,0.0126382
413.6,0.0127458
413.7,0.0128539
413.8,0.0129622
413.9,0.013071
414,0.0131801
414.1,0.0132897
414.2,0.0133996
414.3,0.0135099
414.4,0.0136206
414.5,0.0137317
414.6,0.0138433
414.7,0.0139552
414.8,0.0140676
414.9,0.0141805
415,0.0142938
415.1,0.0144075
415.2,0.0145217
415.3,0.0146363
415.4,0.0147514
415.5,0.0148668
415.6,0.0149827
415.7,0.015099
415.8,0.0152156
415.9,0.0153327
416,0.01545
416.1,0.0155678
416.2,0.0156858
416.3,0.0158042
416.4,0.0159229
416.5,0.0160419
416.6,0.0161612
416.7,0.0162808
416.8,0.0164006
416.9,0.0165206
417,0.0166409
417.1,0.0167614
417.2,0.0168821
417.3,0.017003
417.4,0.0171241
417.5,0.0172453
417.6,0.0173666
417.7,0.0174881
417.8,0.0176096
417.9,0.0177313
418,0.017853
418.1,0.0179748
418.2,0.0180966
418.3,0.0182184
418.4,0.0183403
418.5,0.0184621
418.6,0.0185838
418.7,0.0187056
418.8,0.0188272
418.9,0.0189488
419,0.0190702
419.1,0.0191915
419.2,0.0193126
419.3,0.0194336
419.4,0.0195544
419.5,0.0196749
419.6,0.0197952
419.7,0.0199153
419.8,0.0200351
419.9,0.0201545
420,0.0202737
420.1,0.0203925
420.2,0.020511
420.3,0.0206291
420.4,0.020747
420.5,0.0208645
420.6,0.0209817
420.7,0.0210987
420.8,0.0212154
420.9,0.0213318
421,0.0214481
421.1,0.021564
421.2,0.0216798
421.3,0.0217954
421.4,0.0219108
421.5,0.022026
421.6,0.0221411
421.7,0.0222561
421.8,0.0223709
421.9,0.0224857
422,0.0226004
422.1,0.0227151
422.2,0.0228297
422.3,0.0229443
422.4,0.0230589
422.5,0.0231735
422.6,0.0232882
422.7,0.0234029
422.8,0.0235178
422.9,0.0236328
423,0.0237479
423.1,0.0238632
423.2,0.0239786
423.3,0.0240943
423.4,0.0242103
423.5,0.0243265
423.6,0.024443
423.7,0.0245598
423.8,0.024677
423.9,0.0247945
424,0.0249125
424.1,0.0250309
424.2,0.0251497
424.3,0.0252691
424.4,0.025389
424.5,0.0255094
424.6,0.0256304
424.7,0.0257521
424.8,0.0258744
424.9,0.0259973
425,0.0261211
425.1,0.0262455
425.2,0.0263707
425.3,0.0264967
425.4,0.0266234
425.5,0.0267509
425.6,0.0268791
425.7,0.027008
425.8,0.0271377
425.9,0.0272681
426,0.0273992
426.1,0.0275311
426.2,0.0276637
426.3,0.027797
426.4,0.027931
426.5,0.0280657
426.6,0.0282012
426.7,0.0283373
426.8,0.0284742
426.9,0.0286117
427,0.0287499
427.1,0.0288888
427.2,0.0290284
427.3,0.0291687
427.4,0.0293096
427.5,0.0294513
427.6,0.0295935
427.7,0.0297364
427.8,0.02988
427.9,0.0300242
428,0.0301691
428.1,0.0303146
428.2,0.0304607
428.3,0.0306074
428.4,0.0307548
428.5,0.0309028
428.6,0.0310513
428.7,0.0312005
428.8,0.0313502
428.9,0.0315005
429,0.0316514
429.1,0.0318029
429.2,0.0319549
429.3,0.0321075
429.4,0.0322606
429.5,0.0324143
429.6,0.0325685
429.7,0.0327232
429.8,0.0328784
429.9,0.0330342
430,0.0331904
430.1,0.0333471
430.2,0.0335043
430.3,0.033662
430.4,0.0338201
430.5,0.0339788
430.6,0.0341379
430.7,0.0342975
430.8,0.0344575
430.9,0.0346181
431,0.0347791
431.1,0.0349406
431.2,0.0351026
431.3,0.035265
431.4,0.0354279
431.5,0.0355913
431.6,0.0357551
431.7,0.0359194
431.8,0.0360841
431.9,0.0362493
432,0.0364149
432.1,0.036581
432.2,0.0367476
432.3,0.0369146
432.4,0.037082
432.5,0.0372499
432.6,0.0374182
432.7,0.0375869
432.8,0.0377561
432.9,0.0379257
433,0.0380957
433.1,0.0382661
433.2,0.038437
433.3,0.0386083
433.4,0.0387799
433.5,0.038952
433.6,0.0391245
433.7,0.0392974
433.8,0.0394707
433.9,0.0396444
434,0.0398184
434.1,0.0399929
434.2,0.0401677
434.3,0.0403429
434.4,0.0405185
434.5,0.0406944
434.6,0.0408707
434.7,0.0410474
434.8,0.0412244
434.9,0.0414017
435,0.0415794
435.1,0.0417574
435.2,0.0419358
435.3,0.0421144
435.4,0.0422933
435.5,0.0424724
435.6,0.0426518
435.7,0.0428314
435.8,0.0430111
435.9,0.043191
436,0.043371
436.1,0.0435511
436.2,0.0437312
436.3,0.0439114
436.4,0.0440917
436.5,0.0442719
436.6,0.0444521
436.7,0.0446322
436.8,0.0448122
436.9,0.0449921
437,0.0451718
437.1,0.0453514
437.2,0.0455307
437.3,0.0457098
437.4,0.0458886
437.5,0.0460672
437.6,0.0462454
437.7,0.0464232
437.8,0.0466006
437.9,0.0467776
438,0.0469542
438.1,0.0471303
438.2,0.0473058
438.3,0.0474808
438.4,0.0476552
438.5,0.0478289
438.6,0.048002
438.7,0.0481745
438.8,0.0483461
438.9,0.0485171
439,0.0486872
439.1,0.0488565
439.2,0.0490249
439.3,0.0491924
439.4,0.049359
439.5,0.0495246
439.6,0.0496892
439.7,0.0498527
439.8,0.0500151
439.9,0.0501764
440,0.0503366
440.1,0.0504955
440.2,0.0506533
440.3,0.0508099
440.4,0.0509654
440.5,0.0511198
440.6,0.0512731
440.7,0.0514254
440.8,0.0515766
440.9,0.0517268
441,0.0518761
441.1,0.0520244
441.2,0.0521719
441.3,0.0523184
441.4,0.0524641
441.5,0.052609
441.6,0.0527531
441.7,0.0528964
441.8,0.053039
441.9,0.0531809
442,0.0533222
442.1,0.0534628
442.2,0.0536028
442.3,0.0537423
442.4,0.0538813
442.5,0.0540197
442.6,0.0541578
442.7,0.0542954
442.8,0.0544326
442.9,0.0545695
443,0.054706
443.1,0.0548423
443.2,0.0549784
443.3,0.0551143
443.4,0.05525
443.5,0.0553856
443.6,0.0555212
443.7,0.0556567
443.8,0.0557922
443.9,0.0559277
444,0.0560634
444.1,0.0561991
444.2,0.0563351
444.3,0.0564712
444.4,0.0566076
444.5,0.0567443
444.6,0.0568814
444.7,0.0570188
444.8,0.0571567
444.9,0.0572951
445,0.0574339
445.1,0.0575734
445.2,0.0577133
445.3,0.0578539
445.4,0.0579949
445.5,0.0581364
445.6,0.0582785
445.7,0.0584209
445.8,0.0585639
445.9,0.0587073
446,0.0588511
446.1,0.0589953
446.2,0.0591399
446.3,0.0592848
446.4,0.0594301
446.5,0.0595757
446.6,0.0597216
446.7,0.0598679
446.8,0.0600144
446.9,0.0601611
447,0.0603081
447.1,0.0604553
447.2,0.0606027
447.3,0.0607502
447.4,0.060898
447.5,0.0610458
447.6,0.0611938
447.7,0.0613419
447.8,0.06149
447.9,0.0616382
448,0.0617864
448.1,0.0619347
448.2,0.0620829
448.3,0.0622311
448.4,0.0623792
448.5,0.0625273
448.6,0.0626753
448.7,0.0628231
448.8,0.0629708
448.9,0.0631184
449,0.0632657
449.1,0.0634128
449.2,0.0635597
449.3,0.0637064
449.4,0.0638527
449.5,0.0639988
449.6,0.0641445
449.7,0.0642898
449.8,0.0644348
449.9,0.0645794
450,0.0647235
450.1,0.0648672
450.2,0.0650105
450.3,0.0651534
450.4,0.065296
450.5,0.0654384
450.6,0.0655805
450.7,0.0657224
450.8,0.0658642
450.9,0.0660058
451,0.0661475
451.1,0.0662892
451.2,0.0664309
451.3,0.0665727
451.4,0.0667147
451.5,0.0668568
451.6,0.0669993
451.7,0.067142
451.8,0.0672851
451.9,0.0674286
452,0.0675726
452.1,0.067717
452.2,0.0678621
452.3,0.0680077
452.4,0.0681541
452.5,0.0683011
452.6,0.068449
452.7,0.0685977
452.8,0.0687472
452.9,0.0688978
453,0.0690493
453.1,0.0692019
453.2,0.0693556
453.3,0.0695105
453.4,0.0696666
453.5,0.0698241
453.6,0.0699828
453.7,0.0701431
453.8,0.0703047
453.9,0.070468
454,0.0706328
454.1,0.0707993
454.2,0.0709675
454.3,0.0711375
454.4,0.0713094
454.5,0.0714832
454.6,0.071659
454.7,0.0718368
454.8,0.0720168
454.9,0.072199
455,0.0723834
455.1,0.0725701
455.2,0.0727592
455.3,0.0729507
455.4,0.0731446
455.5,0.0733409
455.6,0.0735396
455.7,0.0737408
455.8,0.0739446
455.9,0.0741508
456,0.0743596
456.1,0.074571
456.2,0.0747849
456.3,0.0750016
456.4,0.0752208
456.5,0.0754428
456.6,0.0756675
456.7,0.0758949
456.8,0.076125
456.9,0.076358
457,0.0765938
457.1,0.0768325
457.2,0.0770741
457.3,0.0773185
457.4,0.077566
457.5,0.0778164
457.6,0.0780698
457.7,0.0783263
457.8,0.0785859
457.9,0.0788485
458,0.0791144
458.1,0.0793834
458.2,0.0796556
458.3,0.0799311
458.4,0.0802098
458.5,0.0804919
458.6,0.0807773
458.7,0.0810662
458.8,0.0813584
458.9,0.0816542
459,0.0819535
459.1,0.0822563
459.2,0.0825627
459.3,0.0828727
459.4,0.0831864
459.5,0.0835038
459.6,0.083825
459.7,0.08415
459.8,0.0844788
459.9,0.0848115
460,0.0851482
460.1,0.0854888
460.2,0.0858333
460.3,0.0861817
460.4,0.086534
460.5,0.0868902
460.6,0.0872501
460.7,0.0876137
460.8,0.087981
460.9,0.088352
461,0.0887266
461.1,0.0891047
461.2,0.0894864
461.3,0.0898715
461.4,0.09026
461.5,0.0906519
461.6,0.0910471
461.7,0.0914456
461.8,0.0918473
461.9,0.0922521
462,0.0926601
462.1,0.0930711
462.2,0.0934851
462.3,0.093902
462.4,0.0943218
462.5,0.0947444
462.6,0.0951697
462.7,0.0955977
462.8,0.0960284
462.9,0.0964616
463,0.0968972
463.1,0.0973353
463.2,0.0977757
463.3,0.0982185
463.4,0.0986634
463.5,0.0991104
463.6,0.0995594
463.7,0.10001
463.8,0.100463
463.9,0.100918
464,0.101375
464.1,0.101833
464.2,0.102292
464.3,0.102753
464.4,0.103216
464.5,0.10368
464.6,0.104145
464.7,0.104611
464.8,0.105078
464.9,0.105546
465,0.106014
465.1,0.106484
465.2,0.106954
465.3,0.107425
465.4,0.107896
465.5,0.108369
465.6,0.108841
465.7,0.109315
465.8,0.109788
465.9,0.110263
466,0.110738
466.1,0.111213
466.2,0.111689
466.3,0.112165
466.4,0.112642
466.5,0.11312
466.6,0.113597
466.7,0.114075
466.8,0.114553
466.9,0.115032
467,0.115511
467.1,0.11599
467.2,0.11647
467.3,0.11695
467.4,0.11743
467.5,0.11791
467.6,0.11839
467.7,0.11887
467.8,0.119351
467.9,0.119832
468,0.120312
468.1,0.120793
468.2,0.121274
468.3,0.121754
468.4,0.122235
468.5,0.122715
468.6,0.123196
468.7,0.123676
468.8,0.124156
468.9,0.124636
469,0.125116
469.1,0.125596
469.2,0.126075
469.3,0.126554
469.4,0.127032
469.5,0.127511
469.6,0.127989
469.7,0.128466
469.8,0.128943
469.9,0.12942
470,0.129896
470.1,0.130371
470.2,0.130846
470.3,0.131321
470.4,0.131795
470.5,0.132268
470.6,0.132741
470.7,0.133214
470.8,0.133686
470.9,0.134158
471,0.13463
471.1,0.135101
471.2,0.135572
471.3,0.136043
471.4,0.136513
471.5,0.136983
471.6,0.137453
471.7,0.137923
471.8,0.138392
471.9,0.138862
472,0.139331
472.1,0.1398
472.2,0.140269
472.3,0.140738
472.4,0.141207
472.5,0.141677
472.6,0.142146
472.7,0.142615
472.8,0.143084
472.9,0.143554
473,0.144023
473.1,0.144493
473.2,0.144963
473.3,0.145434
473.4,0.145905
473.5,0.146376
473.6,0.146847
473.7,0.147319
473.8,0.147791
473.9,0.148264
474,0.148737
474.1,0.149211
474.2,0.149685
474.3,0.15016
474.4,0.150636
474.5,0.151113
474.6,0.15159
474.7,0.152068
474.8,0.152546
474.9,0.153026
475,0.153507
475.1,0.153988
475.2,0.15447
475.3,0.154954
475.4,0.155438
475.5,0.155923
475.6,0.15641
475.7,0.156897
475.8,0.157385
475.9,0.157874
476,0.158364
476.1,0.158856
476.2,0.159348
476.3,0.159841
476.4,0.160335
476.5,0.16083
476.6,0.161326
476.7,0.161823
476.8,0.162321
476.9,0.16282
477,0.16332
477.1,0.163821
477.2,0.164323
477.3,0.164826
477.4,0.16533
477.5,0.165835
477.6,0.166341
477.7,0.166848
477.8,0.167357
477.9,0.167866
478,0.168376
478.1,0.168887
478.2,0.1694
478.3,0.169913
478.4,0.170428
478.5,0.170943
478.6,0.17146
478.7,0.171977
478.8,0.172496
478.9,0.173016
479,0.173537
479.1,0.174058
479.2,0.174581
479.3,0.175105
479.4,0.175631
479.5,0.176157
479.6,0.176684
479.7,0.177213
479.8,0.177742
479.9,0.178273
480,0.178805
480.1,0.179338
480.2,0.179872
480.3,0.180407
480.4,0.180943
480.5,0.18148
480.6,0.182019
480.7,0.182558
480.8,0.183098
480.9,0.18364
481,0.184182
481.1,0.184725
481.2,0.185269
481.3,0.185815
481.4,0.186361
481.5,0.186908
481.6,0.187456
481.7,0.188004
481.8,0.188554
481.9,0.189105
482,0.189656
482.1,0.190208
482.2,0.190761
482.3,0.191315
482.4,0.191869
482.5,0.192424
482.6,0.19298
482.7,0.193536
482.8,0.194094
482.9,0.194652
483,0.19521
483.1,0.195769
483.2,0.196329
483.3,0.196889
483.4,0.19745
483.5,0.198012
483.6,0.198573
483.7,0.199136
483.8,0.199699
483.9,0.200262
484,0.200826
484.1,0.20139
484.2,0.201955
484.3,0.20252
484.4,0.203085
484.5,0.203651
484.6,0.204217
484.7,0.204783
484.8,0.205349
484.9,0.205916
485,0.206483
485.1,0.20705
485.2,0.207617
485.3,0.208185
485.4,0.208754
485.5,0.209323
485.6,0.209893
485.7,0.210463
485.8,0.211035
485.9,0.211608
486,0.212183
486.1,0.212758
486.2,0.213336
486.3,0.213915
486.4,0.214496
486.5,0.215079
486.6,0.215664
486.7,0.216251
486.8,0.216841
486.9,0.217433
487,0.218028
487.1,0.218626
487.2,0.219227
487.3,0.21983
487.4,0.220438
487.5,0.221048
487.6,0.221663
487.7,0.222281
487.8,0.222902
487.9,0.223528
488,0.224159
488.1,0.224793
488.2,0.225432
488.3,0.226076
488.4,0.226725
488.5,0.227379
488.6,0.228038
488.7,0.228703
488.8,0.229373
488.9,0.230048
489,0.23073
489.1,0.231418
489.2,0.232112
489.3,0.232813
489.4,0.23352
489.5,0.234235
489.6,0.234956
489.7,0.235685
489.8,0.236421
489.9,0.237164
490,0.237916
490.1,0.238676
490.2,0.239443
490.3,0.240219
490.4,0.241003
490.5,0.241794
490.6,0.242594
490.7,0.243401
490.8,0.244216
490.9,0.24504
491,0.245871
491.1,0.246709
491.2,0.247556
491.3,0.24841
491.4,0.249272
491.5,0.250141
491.6,0.251018
491.7,0.251903
491.8,0.252795
491.9,0.253695
492,0.254602
492.1,0.255517
492.2,0.256439
492.3,0.257368
492.4,0.258305
492.5,0.259249
492.6,0.2602
492.7,0.261158
492.8,0.262124
492.9,0.263096
493,0.264076
493.1,0.265063
493.2,0.266056
493.3,0.267057
493.4,0.268064
493.5,0.269078
493.6,0.270099
493.7,0.271127
493.8,0.272161
493.9,0.273202
494,0.274249
494.1,0.275303
494.2,0.276363
494.3,0.27743
494.4,0.278502
494.5,0.279581
494.6,0.280667
494.7,0.281758
494.8,0.282855
494.9,0.283959
495,0.285068
495.1,0.286183
495.2,0.287304
495.3,0.288431
495.4,0.289563
495.5,0.290702
495.6,0.291846
495.7,0.292997
495.8,0.294153
495.9,0.295315
496,0.296484
496.1,0.297658
496.2,0.298838
496.3,0.300025
496.4,0.301217
496.5,0.302416
496.6,0.303621
496.7,0.304831
496.8,0.306048
496.9,0.307272
497,0.308501
497.1,0.309737
497.2,0.310978
497.3,0.312226
497.4,0.313481
497.5,0.314741
497.6,0.316008
497.7,0.317282
497.8,0.318561
497.9,0.319847
498,0.321139
498.1,0.322438
498.2,0.323743
498.3,0.325055
498.4,0.326373
498.5,0.327697
498.6,0.329028
498.7,0.330366
498.8,0.33171
498.9,0.33306
499,0.334418
499.1,0.335781
499.2,0.337152
499.3,0.338528
499.4,0.339912
499.5,0.341302
499.6,0.342699
499.7,0.344103
499.8,0.345513
499.9,0.34693
500,0.348354
500.1,0.349784
500.2,0.351221
500.3,0.352665
500.4,0.354116
500.5,0.355573
500.6,0.357037
500.7,0.358508
500.8,0.359985
500.9,0.361469
501,0.36296
501.1,0.364457
501.2,0.365961
501.3,0.367472
501.4,0.368989
501.5,0.370512
501.6,0.372042
501.7,0.373579
501.8,0.375122
501.9,0.376672
502,0.378228
502.1,0.37979
502.2,0.381359
502.3,0.382934
502.4,0.384515
502.5,0.386103
502.6,0.387697
502.7,0.389298
502.8,0.390904
502.9,0.392517
503,0.394136
503.1,0.395761
503.2,0.397392
503.3,0.39903
503.4,0.400673
503.5,0.402322
503.6,0.403978
503.7,0.405639
503.8,0.407306
503.9,0.408979
504,0.410658
504.1,0.412343
504.2,0.414033
504.3,0.41573
504.4,0.417431
504.5,0.419139
504.6,0.420852
504.7,0.422571
504.8,0.424295
504.9,0.426025
505,0.42776
505.1,0.4295
505.2,0.431246
505.3,0.432997
505.4,0.434753
505.5,0.436515
505.6,0.438281
505.7,0.440053
505.8,0.44183
505.9,0.443612
506,0.445399
506.1,0.447192
506.2,0.448989
506.3,0.450791
506.4,0.452598
506.5,0.454409
506.6,0.456226
506.7,0.458047
506.8,0.459873
506.9,0.461704
507,0.46354
507.1,0.46538
507.2,0.467224
507.3,0.469073
507.4,0.470927
507.5,0.472784
507.6,0.474647
507.7,0.476513
507.8,0.478384
507.9,0.480259
508,0.482138
508.1,0.484021
508.2,0.485908
508.3,0.487799
508.4,0.489694
508.5,0.491593
508.6,0.493496
508.7,0.495402
508.8,0.497312
508.9,0.499226
509,0.501143
509.1,0.503064
509.2,0.504988
509.3,0.506915
509.4,0.508846
509.5,0.51078
509.6,0.512718
509.7,0.514658
509.8,0.516602
509.9,0.518548
510,0.520497
510.1,0.522449
510.2,0.524404
510.3,0.526362
510.4,0.528322
510.5,0.530285
510.6,0.532251
510.7,0.534219
510.8,0.53619
510.9,0.538163
511,0.540139
511.1,0.542117
511.2,0.544097
511.3,0.54608
511.4,0.548065
511.5,0.550052
511.6,0.552042
511.7,0.554034
511.8,0.556027
511.9,0.558023
512,0.560021
512.1,0.56202
512.2,0.564022
512.3,0.566025
512.4,0.568031
512.5,0.570038
512.6,0.572046
512.7,0.574057
512.8,0.576069
512.9,0.578082
513,0.580097
513.1,0.582114
513.2,0.584131
513.3,0.586151
513.4,0.588171
513.5,0.590193
513.6,0.592215
513.7,0.594239
513.8,0.596264
513.9,0.59829
514,0.600317
514.1,0.602345
514.2,0.604374
514.3,0.606403
514.4,0.608433
514.5,0.610464
514.6,0.612495
514.7,0.614527
514.8,0.61656
514.9,0.618592
515,0.620626
515.1,0.622659
515.2,0.624693
515.3,0.626726
515.4,0.628759
515.5,0.630792
515.6,0.632823
515.7,0.634854
515.8,0.636884
515.9,0.638913
516,0.64094
516.1,0.642965
516.2,0.644988
516.3,0.647009
516.4,0.649028
516.5,0.651044
516.6,0.653057
516.7,0.655068
516.8,0.657074
516.9,0.659078
517,0.661077
517.1,0.663073
517.2,0.665064
517.3,0.667051
517.4,0.669033
517.5,0.67101
517.6,0.672982
517.7,0.674949
517.8,0.67691
517.9,0.678865
518,0.680813
518.1,0.682756
518.2,0.684691
518.3,0.68662
518.4,0.688541
518.5,0.690455
518.6,0.692362
518.7,0.69426
518.8,0.69615
518.9,0.698032
519,0.699904
519.1,0.701768
519.2,0.703623
519.3,0.705467
519.4,0.707302
519.5,0.709127
519.6,0.710941
519.7,0.712745
519.8,0.714538
519.9,0.716319
520,0.718089
520.1,0.719847
520.2,0.721594
520.3,0.723328
520.4,0.725052
520.5,0.726764
520.6,0.728465
520.7,0.730155
520.8,0.731834
520.9,0.733502
521,0.735159
521.1,0.736806
521.2,0.738443
521.3,0.740069
521.4,0.741686
521.5,0.743292
521.6,0.744889
521.7,0.746476
521.8,0.748054
521.9,0.749623
522,0.751182
522.1,0.752733
522.2,0.754274
522.3,0.755808
522.4,0.757332
522.5,0.758849
522.6,0.760357
522.7,0.761858
522.8,0.763351
522.9,0.764836
523,0.766314
523.1,0.767785
523.2,0.769249
523.3,0.770707
523.4,0.772157
523.5,0.773602
523.6,0.77504
523.7,0.776472
523.8,0.777899
523.9,0.77932
524,0.780735
524.1,0.782146
524.2,0.783551
524.3,0.784952
524.4,0.786349
524.5,0.787741
524.6,0.789129
524.7,0.790513
524.8,0.791894
524.9,0.793271
525,0.794645
525.1,0.796016
525.2,0.797384
525.3,0.798749
525.4,0.80011
525.5,0.801469
525.6,0.802824
525.7,0.804175
525.8,0.805523
525.9,0.806867
526,0.808207
526.1,0.809544
526.2,0.810876
526.3,0.812205
526.4,0.813529
526.5,0.814849
526.6,0.816165
526.7,0.817476
526.8,0.818783
526.9,0.820085
527,0.821382
527.1,0.822674
527.2,0.823961
527.3,0.825244
527.4,0.826521
527.5,0.827793
527.6,0.82906
527.7,0.830321
527.8,0.831576
527.9,0.832826
528,0.83407
528.1,0.835308
528.2,0.836541
528.3,0.837767
528.4,0.838987
528.5,0.8402
528.6,0.841408
528.7,0.842609
528.8,0.843803
528.9,0.84499
529,0.846171
529.1,0.847345
529.2,0.848512
529.3,0.849671
529.4,0.850824
529.5,0.851969
529.6,0.853106
529.7,0.854236
529.8,0.855359
529.9,0.856473
530,0.85758
530.1,0.858679
530.2,0.85977
530.3,0.860853
530.4,0.861929
530.5,0.862998
530.6,0.86406
530.7,0.865115
530.8,0.866163
530.9,0.867205
531,0.868241
531.1,0.869271
531.2,0.870295
531.3,0.871313
531.4,0.872327
531.5,0.873335
531.6,0.874338
531.7,0.875337
531.8,0.876331
531.9,0.87732
532,0.878306
532.1,0.879288
532.2,0.880266
532.3,0.881241
532.4,0.882213
532.5,0.883182
532.6,0.884148
532.7,0.885112
532.8,0.886074
532.9,0.887033
533,0.887991
533.1,0.888947
533.2,0.889902
533.3,0.890855
533.4,0.891808
533.5,0.892761
533.6,0.893713
533.7,0.894664
533.8,0.895616
533.9,0.896568
534,0.897521
534.1,0.898475
534.2,0.899429
534.3,0.900385
534.4,0.901343
534.5,0.902302
534.6,0.903264
534.7,0.904227
534.8,0.905194
534.9,0.906163
535,0.907135
535.1,0.90811
535.2,0.909088
535.3,0.910069
535.4,0.911053
535.5,0.912039
535.6,0.913027
535.7,0.914017
535.8,0.915008
535.9,0.916001
536,0.916995
536.1,0.917989
536.2,0.918984
536.3,0.919979
536.4,0.920974
536.5,0.921969
536.6,0.922963
536.7,0.923957
536.8,0.924949
536.9,0.92594
537,0.926929
537.1,0.927917
537.2,0.928902
537.3,0.929885
537.4,0.930865
537.5,0.931842
537.6,0.932816
537.7,0.933786
537.8,0.934753
537.9,0.935715
538,0.936673
538.1,0.937626
538.2,0.938575
538.3,0.939518
538.4,0.940455
538.5,0.941387
538.6,0.942313
538.7,0.943232
538.8,0.944144
538.9,0.94505
539,0.945948
539.1,0.946839
539.2,0.947722
539.3,0.948597
539.4,0.949463
539.5,0.950321
539.6,0.951169
539.7,0.952009
539.8,0.952838
539.9,0.953658
540,0.954468
540.1,0.955267
540.2,0.956055
540.3,0.956833
540.4,0.957601
540.5,0.958358
540.6,0.959104
540.7,0.95984
540.8,0.960565
540.9,0.961279
541,0.961983
541.1,0.962677
541.2,0.96336
541.3,0.964032
541.4,0.964693
541.5,0.965344
541.6,0.965984
541.7,0.966614
541.8,0.967233
541.9,0.967841
542,0.968439
542.1,0.969026
542.2,0.969602
542.3,0.970168
542.4,0.970723
542.5,0.971267
542.6,0.971801
542.7,0.972324
542.8,0.972836
542.9,0.973338
543,0.973829
543.1,0.974309
543.2,0.974779
543.3,0.975238
543.4,0.975686
543.5,0.976124
543.6,0.976551
543.7,0.976967
543.8,0.977373
543.9,0.977768
544,0.978152
544.1,0.978526
544.2,0.978889
544.3,0.979241
544.4,0.979583
544.5,0.979914
544.6,0.980234
544.7,0.980544
544.8,0.980844
544.9,0.981132
545,0.981411
545.1,0.981678
545.2,0.981936
545.3,0.982183
545.4,0.982421
545.5,0.98265
545.6,0.982869
545.7,0.983081
545.8,0.983284
545.9,0.983479
546,0.983667
546.1,0.983847
546.2,0.984021
546.3,0.984189
546.4,0.98435
546.5,0.984505
546.6,0.984655
546.7,0.9848
546.8,0.98494
546.9,0.985076
547,0.985208
547.1,0.985336
547.2,0.985461
547.3,0.985583
547.4,0.985702
547.5,0.985819
547.6,0.985934
547.7,0.986047
547.8,0.986159
547.9,0.986271
548,0.986381
548.1,0.986492
548.2,0.986602
548.3,0.986714
548.4,0.986826
548.5,0.986939
548.6,0.987054
548.7,0.98717
548.8,0.987289
548.9,0.987411
549,0.987536
549.1,0.987664
549.2,0.987795
549.3,0.987931
549.4,0.988071
549.5,0.988216
549.6,0.988365
549.7,0.988521
549.8,0.988682
549.9,0.988849
550,0.989023
550.1,0.989203
550.2,0.98939
550.3,0.989583
550.4,0.989782
550.5,0.989987
550.6,0.990197
550.7,0.990411
550.8,0.990631
550.9,0.990854
551,0.991081
551.1,0.991312
551.2,0.991546
551.3,0.991782
551.4,0.992022
551.5,0.992263
551.6,0.992506
551.7,0.992751
551.8,0.992997
551.9,0.993244
552,0.993491
552.1,0.993739
552.2,0.993986
552.3,0.994233
552.4,0.994479
552.5,0.994723
552.6,0.994967
552.7,0.995208
552.8,0.995447
552.9,0.995684
553,0.995917
553.1,0.996148
553.2,0.996375
553.3,0.996598
553.4,0.996816
553.5,0.99703
553.6,0.99724
553.7,0.997444
553.8,0.997642
553.9,0.997834
554,0.998021
554.1,0.9982
554.2,0.998373
554.3,0.998538
554.4,0.998695
554.5,0.998845
554.6,0.998986
554.7,0.999119
554.8,0.999242
554.9,0.999356
555,0.999461
555.1,0.999555
555.2,0.99964
555.3,0.999715
555.4,0.999781
555.5,0.999838
555.6,0.999886
555.7,0.999925
555.8,0.999956
555.9,0.999978
556,0.999993
556.1,1
556.2,1
556.3,0.999992
556.4,0.999977
556.5,0.999956
556.6,0.999928
556.7,0.999894
556.8,0.999853
556.9,0.999807
557,0.999756
557.1,0.999699
557.2,0.999637
557.3,0.99957
557.4,0.999498
557.5,0.999422
557.6,0.999342
557.7,0.999258
557.8,0.99917
557.9,0.999078
558,0.998984
558.1,0.998886
558.2,0.998786
558.3,0.998683
558.4,0.998578
558.5,0.998471
558.6,0.998362
558.7,0.998251
558.8,0.998139
558.9,0.998026
559,0.997912
559.1,0.997798
559.2,0.997683
559.3,0.997567
559.4,0.997452
559.5,0.997337
559.6,0.997222
559.7,0.997109
559.8,0.996996
559.9,0.996884
560,0.996774
560.1,0.996665
560.2,0.996558
560.3,0.996452
560.4,0.996347
560.5,0.996244
560.6,0.996141
560.7,0.996039
560.8,0.995937
560.9,0.995836
561,0.995736
561.1,0.995635
561.2,0.995534
561.3,0.995434
561.4,0.995333
561.5,0.995231
561.6,0.995129
561.7,0.995026
561.8,0.994922
561.9,0.994818
562,0.994711
562.1,0.994604
562.2,0.994495
562.3,0.994385
562.4,0.994273
562.5,0.994158
562.6,0.994042
562.7,0.993924
562.8,0.993803
562.9,0.993679
563,0.993553
563.1,0.993425
563.2,0.993293
563.3,0.993158
563.4,0.99302
563.5,0.992878
563.6,0.992733
563.7,0.992585
563.8,0.992432
563.9,0.992276
564,0.992116
564.1,0.991951
564.2,0.991782
564.3,0.991608
564.4,0.99143
564.5,0.991247
564.6,0.991059
564.7,0.990866
564.8,0.990668
564.9,0.990464
565,0.990255
565.1,0.99004
565.2,0.98982
565.3,0.989594
565.4,0.989363
565.5,0.989126
565.6,0.988883
565.7,0.988635
565.8,0.988382
565.9,0.988124
566,0.98786
566.1,0.98759
566.2,0.987316
566.3,0.987036
566.4,0.986751
566.5,0.986461
566.6,0.986165
566.7,0.985865
566.8,0.985559
566.9,0.985248
567,0.984932
567.1,0.984612
567.2,0.984286
567.3,0.983955
567.4,0.983619
567.5,0.983279
567.6,0.982933
567.7,0.982583
567.8,0.982228
567.9,0.981868
568,0.981504
568.1,0.981134
568.2,0.98076
568.3,0.980382
568.4,0.979998
568.5,0.979611
568.6,0.979218
568.7,0.978821
568.8,0.97842
568.9,0.978014
569,0.977603
569.1,0.977189
569.2,0.976769
569.3,0.976346
569.4,0.975918
569.5,0.975486
569.6,0.975049
569.7,0.974609
569.8,0.974164
569.9,0.973714
570,0.973261
570.1,0.972804
570.2,0.972342
570.3,0.971876
570.4,0.971405
570.5,0.970929
570.6,0.970449
570.7,0.969964
570.8,0.969473
570.9,0.968978
571,0.968476
571.1,0.96797
571.2,0.967457
571.3,0.966939
571.4,0.966415
571.5,0.965885
571.6,0.965348
571.7,0.964805
571.8,0.964256
571.9,0.9637
572,0.963137
572.1,0.962567
572.2,0.96199
572.3,0.961406
572.4,0.960815
572.5,0.960216
572.6,0.95961
572.7,0.958996
572.8,0.958374
572.9,0.957744
573,0.957106
573.1,0.95646
573.2,0.955806
573.3,0.955143
573.4,0.954471
573.5,0.953791
573.6,0.953102
573.7,0.952403
573.8,0.951696
573.9,0.95098
574,0.950254
574.1,0.949519
574.2,0.948774
574.3,0.948019
574.4,0.947255
574.5,0.946481
574.6,0.945697
574.7,0.944902
574.8,0.944098
574.9,0.943282
575,0.942457
575.1,0.941621
575.2,0.940775
575.3,0.939918
575.4,0.939053
575.5,0.938179
575.6,0.937296
575.7,0.936406
575.8,0.935507
575.9,0.934602
576,0.93369
576.1,0.932771
576.2,0.931847
576.3,0.930917
576.4,0.929982
576.5,0.929042
576.6,0.928099
576.7,0.927151
576.8,0.9262
576.9,0.925246
577,0.924289
577.1,0.923331
577.2,0.92237
577.3,0.921408
577.4,0.920445
577.5,0.919482
577.6,0.918518
577.7,0.917555
577.8,0.916592
577.9,0.915631
578,0.914671
578.1,0.913712
578.2,0.912756
578.3,0.911803
578.4,0.910852
578.5,0.909905
578.6,0.908962
578.7,0.908022
578.8,0.907088
578.9,0.906158
579,0.905233
579.1,0.904314
579.2,0.903402
579.3,0.902495
579.4,0.901596
579.5,0.900703
579.6,0.899818
579.7,0.898941
579.8,0.898073
579.9,0.897212
580,0.896361
580.1,0.895519
580.2,0.894687
580.3,0.893862
580.4,0.893047
580.5,0.892239
580.6,0.891438
580.7,0.890645
580.8,0.889859
580.9,0.88908
581,0.888307
581.1,0.88754
581.2,0.886778
581.3,0.886022
581.4,0.88527
581.5,0.884523
581.6,0.883781
581.7,0.883042
581.8,0.882307
581.9,0.881575
582,0.880846
582.1,0.88012
582.2,0.879396
582.3,0.878673
582.4,0.877953
582.5,0.877234
582.6,0.876515
582.7,0.875797
582.8,0.87508
582.9,0.874362
583,0.873645
583.1,0.872926
583.2,0.872206
583.3,0.871486
583.4,0.870763
583.5,0.870039
583.6,0.869312
583.7,0.868582
583.8,0.86785
583.9,0.867115
584,0.866376
584.1,0.865633
584.2,0.864885
584.3,0.864134
584.4,0.863377
584.5,0.862616
584.6,0.861849
584.7,0.861076
584.8,0.860297
584.9,0.859512
585,0.85872
585.1,0.857922
585.2,0.857116
585.3,0.856303
585.4,0.855484
585.5,0.854658
585.6,0.853826
585.7,0.852986
585.8,0.85214
585.9,0.851288
586,0.85043
586.1,0.849565
586.2,0.848693
586.3,0.847816
586.4,0.846932
586.5,0.846042
586.6,0.845147
586.7,0.844245
586.8,0.843337
586.9,0.842424
587,0.841505
587.1,0.84058
587.2,0.839649
587.3,0.838713
587.4,0.837772
587.5,0.836825
587.6,0.835872
587.7,0.834915
587.8,0.833952
587.9,0.832984
588,0.832011
588.1,0.831033
588.2,0.83005
588.3,0.829062
588.4,0.828069
588.5,0.827072
588.6,0.826069
588.7,0.825063
588.8,0.824051
588.9,0.823036
589,0.822015
589.1,0.820991
589.2,0.819962
589.3,0.818929
589.4,0.817892
589.5,0.816851
589.6,0.815806
589.7,0.814757
589.8,0.813704
589.9,0.812647
590,0.811587
590.1,0.810523
590.2,0.809455
590.3,0.808384
590.4,0.807309
590.5,0.806231
590.6,0.805149
590.7,0.804064
590.8,0.802975
590.9,0.801883
591,0.800787
591.1,0.799688
591.2,0.798586
591.3,0.797481
591.4,0.796372
591.5,0.79526
591.6,0.794145
591.7,0.793026
591.8,0.791904
591.9,0.790779
592,0.789652
592.1,0.78852
592.2,0.787386
592.3,0.786249
592.4,0.785109
592.5,0.783966
592.6,0.782819
592.7,0.78167
592.8,0.780518
592.9,0.779363
593,0.778205
593.1,0.777045
593.2,0.775881
593.3,0.774715
593.4,0.773545
593.5,0.772374
593.6,0.771199
593.7,0.770021
593.8,0.768841
593.9,0.767659
594,0.766473
594.1,0.765285
594.2,0.764095
594.3,0.762901
594.4,0.761706
594.5,0.760507
594.6,0.759307
594.7,0.758103
594.8,0.756897
594.9,0.755689
595,0.754479
595.1,0.753265
595.2,0.75205
595.3,0.750832
595.4,0.749612
595.5,0.74839
595.6,0.747166
595.7,0.745939
595.8,0.74471
595.9,0.74348
596,0.742247
596.1,0.741013
596.2,0.739776
596.3,0.738538
596.4,0.737298
596.5,0.736056
596.6,0.734813
596.7,0.733568
596.8,0.732321
596.9,0.731073
597,0.729823
597.1,0.728572
597.2,0.727319
597.3,0.726065
597.4,0.72481
597.5,0.723553
597.6,0.722295
597.7,0.721036
597.8,0.719776
597.9,0.718515
598,0.717252
598.1,0.715989
598.2,0.714725
598.3,0.71346
598.4,0.712194
598.5,0.710927
598.6,0.709659
598.7,0.708391
598.8,0.707122
598.9,0.705852
599,0.704582
599.1,0.703311
599.2,0.70204
599.3,0.700768
599.4,0.699495
599.5,0.698223
599.6,0.69695
599.7,0.695677
599.8,0.694403
599.9,0.693129
600,0.691855
600.1,0.690581
600.2,0.689307
600.3,0.688033
600.4,0.686758
600.5,0.685483
600.6,0.684207
600.7,0.682931
600.8,0.681655
600.9,0.680378
601,0.679101
601.1,0.677823
601.2,0.676544
601.3,0.675265
601.4,0.673984
601.5,0.672703
601.6,0.671422
601.7,0.670139
601.8,0.668855
601.9,0.66757
602,0.666285
602.1,0.664998
602.2,0.66371
602.3,0.662421
602.4,0.66113
602.5,0.659839
602.6,0.658546
602.7,0.657251
602.8,0.655955
602.9,0.654658
603,0.653359
603.1,0.652059
603.2,0.650757
603.3,0.649454
603.4,0.648149
603.5,0.646842
603.6,0.645533
603.7,0.644223
603.8,0.642911
603.9,0.641597
604,0.640281
604.1,0.638963
604.2,0.637643
604.3,0.636321
604.4,0.634997
604.5,0.633671
604.6,0.632342
604.7,0.631012
604.8,0.629679
604.9,0.628344
605,0.627007
605.1,0.625667
605.2,0.624325
605.3,0.622981
605.4,0.621635
605.5,0.620286
605.6,0.618936
605.7,0.617583
605.8,0.616229
605.9,0.614873
606,0.613515
606.1,0.612155
606.2,0.610794
606.3,0.609431
606.4,0.608066
606.5,0.6067
606.6,0.605333
606.7,0.603964
606.8,0.602594
606.9,0.601222
607,0.599849
607.1,0.598476
607.2,0.597101
607.3,0.595725
607.4,0.594348
607.5,0.59297
607.6,0.591591
607.7,0.590211
607.8,0.588831
607.9,0.58745
608,0.586068
608.1,0.584686
608.2,0.583303
608.3,0.58192
608.4,0.580536
608.5,0.579151
608.6,0.577767
608.7,0.576382
608.8,0.574997
608.9,0.573612
609,0.572226
609.1,0.570841
609.2,0.569455
609.3,0.568069
609.4,0.566684
609.5,0.565298
609.6,0.563913
609.7,0.562528
609.8,0.561143
609.9,0.559759
610,0.558375
610.1,0.556991
610.2,0.555607
610.3,0.554224
610.4,0.552842
610.5,0.551459
610.6,0.550078
610.7,0.548696
610.8,0.547315
610.9,0.545934
611,0.544554
611.1,0.543173
611.2,0.541794
611.3,0.540414
611.4,0.539035
611.5,0.537656
611.6,0.536278
611.7,0.5349
611.8,0.533522
611.9,0.532144
612,0.530767
612.1,0.52939
612.2,0.528014
612.3,0.526638
612.4,0.525262
612.5,0.523886
612.6,0.522511
612.7,0.521136
612.8,0.519761
612.9,0.518387
613,0.517013
613.1,0.515639
613.2,0.514266
613.3,0.512893
613.4,0.51152
613.5,0.510147
613.6,0.508775
613.7,0.507403
613.8,0.506031
613.9,0.50466
614,0.503289
614.1,0.501918
614.2,0.500548
614.3,0.499178
614.4,0.497808
614.5,0.496438
614.6,0.495069
614.7,0.4937
614.8,0.492331
614.9,0.490963
615,0.489595
615.1,0.488227
615.2,0.48686
615.3,0.485493
615.4,0.484127
615.5,0.482761
615.6,0.481396
615.7,0.480032
615.8,0.478668
615.9,0.477306
616,0.475944
616.1,0.474584
616.2,0.473224
616.3,0.471866
616.4,0.470509
616.5,0.469153
616.6,0.467799
616.7,0.466446
616.8,0.465094
616.9,0.463744
617,0.462396
617.1,0.461049
617.2,0.459704
617.3,0.458361
617.4,0.45702
617.5,0.455681
617.6,0.454343
617.7,0.453008
617.8,0.451675
617.9,0.450344
618,0.449015
618.1,0.447689
618.2,0.446365
618.3,0.445043
618.4,0.443724
618.5,0.442407
618.6,0.441093
618.7,0.439781
618.8,0.438472
618.9,0.437166
619,0.435862
619.1,0.434561
619.2,0.433264
619.3,0.431969
619.4,0.430677
619.5,0.429388
619.6,0.428102
619.7,0.426819
619.8,0.425539
619.9,0.424263
620,0.42299
620.1,0.42172
620.2,0.420453
620.3,0.419189
620.4,0.417928
620.5,0.41667
620.6,0.415414
620.7,0.414161
620.8,0.41291
620.9,0.411662
621,0.410415
621.1,0.409171
621.2,0.407928
621.3,0.406687
621.4,0.405447
621.5,0.404209
621.6,0.402972
621.7,0.401736
621.8,0.400502
621.9,0.399268
622,0.398036
622.1,0.396804
622.2,0.395572
622.3,0.394341
622.4,0.393111
622.5,0.391881
622.6,0.390651
622.7,0.389421
622.8,0.388191
622.9,0.38696
623,0.38573
623.1,0.384499
623.2,0.383268
623.3,0.382036
623.4,0.380804
623.5,0.379571
623.6,0.378337
623.7,0.377102
623.8,0.375866
623.9,0.374629
624,0.373391
624.1,0.372151
624.2,0.37091
624.3,0.369668
624.4,0.368424
624.5,0.367179
624.6,0.365932
624.7,0.364683
624.8,0.363432
624.9,0.362179
625,0.360924
625.1,0.359668
625.2,0.358409
625.3,0.357149
625.4,0.355886
625.5,0.354623
625.6,0.353358
625.7,0.352091
625.8,0.350824
625.9,0.349555
626,0.348286
626.1,0.347016
626.2,0.345745
626.3,0.344474
626.4,0.343202
626.5,0.34193
626.6,0.340658
626.7,0.339386
626.8,0.338114
626.9,0.336842
627,0.33557
627.1,0.334299
627.2,0.333029
627.3,0.331759
627.4,0.330489
627.5,0.329221
627.6,0.327954
627.7,0.326687
627.8,0.325422
627.9,0.324159
628,0.322896
628.1,0.321635
628.2,0.320376
628.3,0.319118
628.4,0.317863
628.5,0.316609
628.6,0.315357
628.7,0.314107
628.8,0.312859
628.9,0.311614
629,0.31037
629.1,0.30913
629.2,0.307891
629.3,0.306656
629.4,0.305423
629.5,0.304193
629.6,0.302966
629.7,0.301741
629.8,0.30052
629.9,0.299302
630,0.298086
630.1,0.296875
630.2,0.295666
630.3,0.294461
630.4,0.293259
630.5,0.29206
630.6,0.290864
630.7,0.289672
630.8,0.288484
630.9,0.287298
631,0.286116
631.1,0.284937
631.2,0.283762
631.3,0.28259
631.4,0.281421
631.5,0.280256
631.6,0.279095
631.7,0.277936
631.8,0.276782
631.9,0.27563
632,0.274482
632.1,0.273338
632.2,0.272197
632.3,0.271059
632.4,0.269925
632.5,0.268795
632.6,0.267668
632.7,0.266544
632.8,0.265425
632.9,0.264308
633,0.263195
633.1,0.262086
633.2,0.26098
633.3,0.259878
633.4,0.258779
633.5,0.257684
633.6,0.256593
633.7,0.255505
633.8,0.254421
633.9,0.25334
634,0.252263
634.1,0.251189
634.2,0.250119
634.3,0.249053
634.4,0.24799
634.5,0.246931
634.6,0.245876
634.7,0.244824
634.8,0.243776
634.9,0.242731
635,0.24169
635.1,0.240653
635.2,0.239619
635.3,0.238589
635.4,0.237563
635.5,0.23654
635.6,0.235521
635.7,0.234505
635.8,0.233494
635.9,0.232485
636,0.231481
636.1,0.23048
636.2,0.229483
636.3,0.228489
636.4,0.2275
636.5,0.226513
636.6,0.225531
636.7,0.224552
636.8,0.223577
636.9,0.222606
637,0.221638
637.1,0.220674
637.2,0.219713
637.3,0.218756
637.4,0.217803
637.5,0.216854
637.6,0.215908
637.7,0.214966
637.8,0.214028
637.9,0.213093
638,0.212162
638.1,0.211235
638.2,0.210311
638.3,0.209391
638.4,0.208475
638.5,0.207562
638.6,0.206653
638.7,0.205748
638.8,0.204846
638.9,0.203948
639,0.203054
639.1,0.202164
639.2,0.201277
639.3,0.200393
639.4,0.199514
639.5,0.198638
639.6,0.197765
639.7,0.196897
639.8,0.196032
639.9,0.19517
640,0.194312
640.1,0.193458
640.2,0.192608
640.3,0.191761
640.4,0.190917
640.5,0.190077
640.6,0.18924
640.7,0.188406
640.8,0.187575
640.9,0.186747
641,0.185923
641.1,0.185101
641.2,0.184282
641.3,0.183466
641.4,0.182653
641.5,0.181842
641.6,0.181034
641.7,0.180229
641.8,0.179426
641.9,0.178625
642,0.177827
642.1,0.177032
642.2,0.176238
642.3,0.175447
642.4,0.174658
642.5,0.173871
642.6,0.173086
642.7,0.172303
642.8,0.171522
642.9,0.170743
643,0.169965
643.1,0.16919
643.2,0.168416
643.3,0.167644
643.4,0.166874
643.5,0.166105
643.6,0.165338
643.7,0.164572
643.8,0.163808
643.9,0.163045
644,0.162284
644.1,0.161524
644.2,0.160766
644.3,0.160008
644.4,0.159252
644.5,0.158497
644.6,0.157744
644.7,0.156991
644.8,0.156239
644.9,0.155489
645,0.15474
645.1,0.153991
645.2,0.153244
645.3,0.152498
645.4,0.151753
645.5,0.151009
645.6,0.150266
645.7,0.149525
645.8,0.148784
645.9,0.148046
646,0.147308
646.1,0.146572
646.2,0.145837
646.3,0.145104
646.4,0.144373
646.5,0.143643
646.6,0.142914
646.7,0.142187
646.8,0.141462
646.9,0.140739
647,0.140017
647.1,0.139297
647.2,0.138579
647.3,0.137862
647.4,0.137148
647.5,0.136435
647.6,0.135724
647.7,0.135016
647.8,0.134309
647.9,0.133604
648,0.132901
648.1,0.132201
648.2,0.131502
648.3,0.130805
648.4,0.130111
648.5,0.129419
648.6,0.128729
648.7,0.128041
648.8,0.127356
648.9,0.126672
649,0.125991
649.1,0.125313
649.2,0.124636
649.3,0.123962
649.4,0.123291
649.5,0.122621
649.6,0.121955
649.7,0.12129
649.8,0.120628
649.9,0.119969
650,0.119312
650.1,0.118658
650.2,0.118006
650.3,0.117356
650.4,0.116709
650.5,0.116065
650.6,0.115423
650.7,0.114784
650.8,0.114148
650.9,0.113513
651,0.112882
651.1,0.112253
651.2,0.111627
651.3,0.111003
651.4,0.110382
651.5,0.109764
651.6,0.109148
651.7,0.108535
651.8,0.107924
651.9,0.107317
652,0.106711
652.1,0.106109
652.2,0.105509
652.3,0.104911
652.4,0.104317
652.5,0.103725
652.6,0.103136
652.7,0.102549
652.8,0.101965
652.9,0.101384
653,0.100805
653.1,0.100229
653.2,0.099656
653.3,0.0990854
653.4,0.0985175
653.5,0.0979523
653.6,0.0973898
653.7,0.09683
653.8,0.0962728
653.9,0.0957183
654,0.0951665
654.1,0.0946174
654.2,0.094071
654.3,0.0935272
654.4,0.0929862
654.5,0.0924478
654.6,0.0919121
654.7,0.091379
654.8,0.0908487
654.9,0.090321
655,0.0897959
655.1,0.0892736
655.2,0.0887539
655.3,0.0882368
655.4,0.0877224
655.5,0.0872106
655.6,0.0867014
655.7,0.0861948
655.8,0.0856908
655.9,0.0851893
656,0.0846904
656.1,0.0841941
656.2,0.0837003
656.3,0.0832091
656.4,0.0827203
656.5,0.0822341
656.6,0.0817503
656.7,0.0812691
656.8,0.0807903
656.9,0.080314
657,0.0798401
657.1,0.0793687
657.2,0.0788996
657.3,0.0784331
657.4,0.0779689
657.5,0.0775071
657.6,0.0770477
657.7,0.0765907
657.8,0.076136
657.9,0.0756837
658,0.0752337
658.1,0.0747861
658.2,0.0743408
658.3,0.0738978
658.4,0.0734571
658.5,0.0730187
658.6,0.0725825
658.7,0.0721487
658.8,0.0717171
658.9,0.0712877
659,0.0708606
659.1,0.0704357
659.2,0.0700131
659.3,0.0695926
659.4,0.0691744
659.5,0.0687583
659.6,0.0683444
659.7,0.0679327
659.8,0.0675231
659.9,0.0671157
660,0.0667104
660.1,0.0663073
660.2,0.0659063
660.3,0.0655074
660.4,0.0651106
660.5,0.0647159
660.6,0.0643233
660.7,0.0639328
660.8,0.0635443
660.9,0.0631579
661,0.0627736
661.1,0.0623913
661.2,0.0620111
661.3,0.0616329
661.4,0.0612567
661.5,0.0608826
661.6,0.0605104
661.7,0.0601403
661.8,0.0597721
661.9,0.059406
662,0.0590418
662.1,0.0586796
662.2,0.0583193
662.3,0.057961
662.4,0.0576047
662.5,0.0572503
662.6,0.0568978
662.7,0.0565472
662.8,0.0561986
662.9,0.0558519
663,0.055507
663.1,0.0551641
663.2,0.054823
663.3,0.0544838
663.4,0.0541465
663.5,0.0538111
663.6,0.0534775
663.7,0.0531457
663.8,0.0528158
663.9,0.0524877
664,0.0521614
664.1,0.0518369
664.2,0.0515143
664.3,0.0511934
664.4,0.0508743
664.5,0.050557
664.6,0.0502415
664.7,0.0499277
664.8,0.0496157
664.9,0.0493055
665,0.048997
665.1,0.0486902
665.2,0.0483852
665.3,0.0480818
665.4,0.0477802
665.5,0.0474803
665.6,0.047182
665.7,0.0468855
665.8,0.0465906
665.9,0.0462974
666,0.0460058
666.1,0.0457158
666.2,0.0454275
666.3,0.0451409
666.4,0.0448558
666.5,0.0445723
666.6,0.0442905
666.7,0.0440102
666.8,0.0437315
666.9,0.0434544
667,0.0431788
667.1,0.0429049
667.2,0.0426324
667.3,0.0423615
667.4,0.0420921
667.5,0.0418243
667.6,0.0415579
667.7,0.0412931
667.8,0.0410298
667.9,0.0407679
668,0.0405075
668.1,0.0402487
668.2,0.0399912
668.3,0.0397353
668.4,0.0394808
668.5,0.0392277
668.6,0.0389761
668.7,0.0387259
668.8,0.0384771
668.9,0.0382297
669,0.0379838
669.1,0.0377392
669.2,0.037496
669.3,0.0372542
669.4,0.0370138
669.5,0.0367748
669.6,0.0365371
669.7,0.0363008
669.8,0.0360658
669.9,0.0358321
670,0.0355998
670.1,0.0353688
670.2,0.0351392
670.3,0.0349108
670.4,0.0346838
670.5,0.034458
670.6,0.0342336
670.7,0.0340104
670.8,0.0337885
670.9,0.0335679
671,0.0333486
671.1,0.0331305
671.2,0.0329136
671.3,0.0326981
671.4,0.0324837
671.5,0.0322706
671.6,0.0320587
671.7,0.031848
671.8,0.0316386
671.9,0.0314304
672,0.0312233
672.1,0.0310175
672.2,0.0308128
672.3,0.0306094
672.4,0.0304071
672.5,0.030206
672.6,0.030006
672.7,0.0298073
672.8,0.0296096
672.9,0.0294131
673,0.0292178
673.1,0.0290236
673.2,0.0288305
673.3,0.0286386
673.4,0.0284478
673.5,0.0282581
673.6,0.0280695
673.7,0.027882
673.8,0.0276956
673.9,0.0275102
674,0.027326
674.1,0.0271429
674.2,0.0269608
674.3,0.0267798
674.4,0.0265998
674.5,0.026421
674.6,0.0262431
674.7,0.0260664
674.8,0.0258906
674.9,0.0257159
675,0.0255422
675.1,0.0253696
675.2,0.025198
675.3,0.0250273
675.4,0.0248577
675.5,0.0246892
675.6,0.0245216
675.7,0.024355
675.8,0.0241894
675.9,0.0240248
676,0.0238612
676.1,0.0236986
676.2,0.0235369
676.3,0.0233763
676.4,0.0232166
676.5,0.0230579
676.6,0.0229001
676.7,0.0227433
676.8,0.0225874
676.9,0.0224325
677,0.0222786
677.1,0.0221256
677.2,0.0219735
677.3,0.0218224
677.4,0.0216722
677.5,0.0215229
677.6,0.0213745
677.7,0.0212271
677.8,0.0210805
677.9,0.0209349
678,0.0207902
678.1,0.0206464
678.2,0.0205035
678.3,0.0203614
678.4,0.0202203
678.5,0.02008
678.6,0.0199407
678.7,0.0198022
678.8,0.0196645
678.9,0.0195278
679,0.0193919
679.1,0.0192568
679.2,0.0191226
679.3,0.0189893
679.4,0.0188568
679.5,0.0187251
679.6,0.0185943
679.7,0.0184644
679.8,0.0183352
679.9,0.0182069
680,0.0180794
680.1,0.0179527
680.2,0.0178268
680.3,0.0177018
680.4,0.0175775
680.5,0.017454
680.6,0.0173313
680.7,0.0172094
680.8,0.0170882
680.9,0.0169678
681,0.0168482
681.1,0.0167293
681.2,0.0166111
681.3,0.0164937
681.4,0.016377
681.5,0.0162611
681.6,0.0161458
681.7,0.0160313
681.8,0.0159174
681.9,0.0158043
682,0.0156919
682.1,0.0155801
682.2,0.0154691
682.3,0.0153587
682.4,0.015249
682.5,0.0151399
682.6,0.0150315
682.7,0.0149238
682.8,0.0148167
682.9,0.0147103
683,0.0146045
683.1,0.0144993
683.2,0.0143948
683.3,0.0142909
683.4,0.0141876
683.5,0.0140849
683.6,0.0139828
683.7,0.0138814
683.8,0.0137805
683.9,0.0136803
684,0.0135806
684.1,0.0134815
684.2,0.0133831
684.3,0.0132852
684.4,0.0131878
684.5,0.0130911
684.6,0.0129949
684.7,0.0128993
684.8,0.0128042
684.9,0.0127097
685,0.0126157
685.1,0.0125223
685.2,0.0124295
685.3,0.0123372
685.4,0.0122454
685.5,0.0121543
685.6,0.0120637
685.7,0.0119736
685.8,0.0118842
685.9,0.0117953
686,0.011707
686.1,0.0116192
686.2,0.0115321
686.3,0.0114455
686.4,0.0113595
686.5,0.0112741
686.6,0.0111893
686.7,0.0111051
686.8,0.0110215
686.9,0.0109385
687,0.0108561
687.1,0.0107743
687.2,0.010693
687.3,0.0106124
687.4,0.0105324
687.5,0.0104529
687.6,0.0103741
687.7,0.0102959
687.8,0.0102182
687.9,0.0101412
688,0.0100648
688.1,0.00998893
688.2,0.0099137
688.3,0.00983907
688.4,0.00976503
688.5,0.0096916
688.6,0.00961876
688.7,0.00954652
688.8,0.00947488
688.9,0.00940383
689,0.00933338
689.1,0.00926352
689.2,0.00919425
689.3,0.00912557
689.4,0.00905749
689.5,0.00898999
689.6,0.00892308
689.7,0.00885676
689.8,0.00879102
689.9,0.00872586
690,0.00866128
690.1,0.00859729
690.2,0.00853386
690.3,0.008471
690.4,0.00840869
690.5,0.00834692
690.6,0.0082857
690.7,0.00822501
690.8,0.00816484
690.9,0.00810519
691,0.00804605
691.1,0.00798741
691.2,0.00792926
691.3,0.00787161
691.4,0.00781443
691.5,0.00775773
691.6,0.0077015
691.7,0.00764573
691.8,0.00759042
691.9,0.00753555
692,0.00748113
692.1,0.00742715
692.2,0.00737359
692.3,0.00732046
692.4,0.00726775
692.5,0.00721546
692.6,0.00716357
692.7,0.00711208
692.8,0.00706099
692.9,0.0070103
693,0.00695999
693.1,0.00691006
693.2,0.00686051
693.3,0.00681133
693.4,0.00676251
693.5,0.00671406
693.6,0.00666597
693.7,0.00661823
693.8,0.00657083
693.9,0.00652378
694,0.00647707
694.1,0.00643069
694.2,0.00638465
694.3,0.00633893
694.4,0.00629353
694.5,0.00624845
694.6,0.00620368
694.7,0.00615922
694.8,0.00611507
694.9,0.00607123
695,0.00602768
695.1,0.00598442
695.2,0.00594146
695.3,0.00589879
695.4,0.00585642
695.5,0.00581433
695.6,0.00577253
695.7,0.00573101
695.8,0.00568978
695.9,0.00564883
696,0.00560817
696.1,0.00556778
696.2,0.00552768
696.3,0.00548785
696.4,0.0054483
696.5,0.00540902
696.6,0.00537001
696.7,0.00533128
696.8,0.00529281
696.9,0.00525462
697,0.00521669
697.1,0.00517903
697.2,0.00514163
697.3,0.0051045
697.4,0.00506762
697.5,0.00503101
697.6,0.00499465
697.7,0.00495855
697.8,0.00492271
697.9,0.00488712
698,0.00485179
698.1,0.0048167
698.2,0.00478187
698.3,0.00474728
698.4,0.00471294
698.5,0.00467884
698.6,0.00464499
698.7,0.00461139
698.8,0.00457802
698.9,0.0045449
699,0.00451201
699.1,0.00447936
699.2,0.00444694
699.3,0.00441476
699.4,0.00438281
699.5,0.0043511
699.6,0.00431961
699.7,0.00428835
699.8,0.00425732
699.9,0.00422652
700,0.00419594
700.1,0.00416558
700.2,0.00413545
700.3,0.00410553
700.4,0.00407583
700.5,0.00404635
700.6,0.00401707
700.7,0.00398801
700.8,0.00395915
700.9,0.0039305
701,0.00390206
701.1,0.00387381
701.2,0.00384577
701.3,0.00381792
701.4,0.00379027
701.5,0.00376281
701.6,0.00373555
701.7,0.00370847
701.8,0.00368159
701.9,0.00365489
702,0.00362837
702.1,0.00360204
702.2,0.00357589
702.3,0.00354992
702.4,0.00352412
702.5,0.00349851
702.6,0.00347306
702.7,0.00344779
702.8,0.00342269
702.9,0.00339777
703,0.00337301
703.1,0.00334841
703.2,0.00332398
703.3,0.00329972
703.4,0.00327561
703.5,0.00325167
703.6,0.00322789
703.7,0.00320426
703.8,0.00318079
703.9,0.00315748
704,0.00313432
704.1,0.00311131
704.2,0.00308845
704.3,0.00306574
704.4,0.00304318
704.5,0.00302077
704.6,0.0029985
704.7,0.00297638
704.8,0.0029544
704.9,0.00293256
705,0.00291086
705.1,0.00288931
705.2,0.00286789
705.3,0.00284661
705.4,0.00282547
705.5,0.00280447
705.6,0.00278361
705.7,0.00276288
705.8,0.00274229
705.9,0.00272184
706,0.00270153
706.1,0.00268135
706.2,0.00266131
706.3,0.0026414
706.4,0.00262163
706.5,0.00260199
706.6,0.00258248
706.7,0.00256311
706.8,0.00254387
706.9,0.00252477
707,0.0025058
707.1,0.00248695
707.2,0.00246824
707.3,0.00244967
707.4,0.00243122
707.5,0.0024129
707.6,0.00239471
707.7,0.00237665
707.8,0.00235871
707.9,0.00234091
708,0.00232323
708.1,0.00230568
708.2,0.00228825
708.3,0.00227096
708.4,0.00225378
708.5,0.00223673
708.6,0.00221981
708.7,0.002203
708.8,0.00218633
708.9,0.00216977
709,0.00215333
709.1,0.00213702
709.2,0.00212083
709.3,0.00210475
709.4,0.0020888
709.5,0.00207297
709.6,0.00205725
709.7,0.00204165
709.8,0.00202617
709.9,0.00201081
710,0.00199556
710.1,0.00198042
710.2,0.00196541
710.3,0.0019505
710.4,0.00193571
710.5,0.00192103
710.6,0.00190647
710.7,0.00189201
710.8,0.00187767
710.9,0.00186344
711,0.00184932
711.1,0.0018353
711.2,0.0018214
711.3,0.0018076
711.4,0.00179391
711.5,0.00178032
711.6,0.00176684
711.7,0.00175347
711.8,0.0017402
711.9,0.00172704
712,0.00171398
712.1,0.00170102
712.2,0.00168816
712.3,0.0016754
712.4,0.00166275
712.5,0.00165019
712.6,0.00163774
712.7,0.00162538
712.8,0.00161312
712.9,0.00160096
713,0.0015889
713.1,0.00157693
713.2,0.00156506
713.3,0.00155328
713.4,0.0015416
713.5,0.00153001
713.6,0.00151851
713.7,0.00150711
713.8,0.0014958
713.9,0.00148458
714,0.00147345
714.1,0.00146241
714.2,0.00145146
714.3,0.0014406
714.4,0.00142983
714.5,0.00141915
714.6,0.00140855
714.7,0.00139804
714.8,0.00138762
714.9,0.00137728
715,0.00136702
715.1,0.00135685
715.2,0.00134676
715.3,0.00133676
715.4,0.00132684
715.5,0.00131699
715.6,0.00130723
715.7,0.00129755
715.8,0.00128794
715.9,0.00127841
716,0.00126895
716.1,0.00125958
716.2,0.00125027
716.3,0.00124104
716.4,0.00123188
716.5,0.0012228
716.6,0.00121378
716.7,0.00120484
716.8,0.00119596
716.9,0.00118716
717,0.00117842
717.1,0.00116975
717.2,0.00116115
717.3,0.00115261
717.4,0.00114414
717.5,0.00113573
717.6,0.00112739
717.7,0.00111911
717.8,0.00111089
717.9,0.00110274
718,0.00109464
718.1,0.00108661
718.2,0.00107864
718.3,0.00107072
718.4,0.00106287
718.5,0.00105507
718.6,0.00104733
718.7,0.00103965
718.8,0.00103203
718.9,0.00102446
719,0.00101694
719.1,0.00100948
719.2,0.00100208
719.3,0.000994728
719.4,0.000987429
719.5,0.000980184
719.6,0.00097299
719.7,0.000965848
719.8,0.000958757
719.9,0.000951717
720,0.000944727
720.1,0.000937786
720.2,0.000930895
720.3,0.000924053
720.4,0.00091726
720.5,0.000910516
720.6,0.00090382
720.7,0.000897172
720.8,0.000890573
720.9,0.000884021
721,0.000877517
721.1,0.00087106
721.2,0.000864651
721.3,0.000858288
721.4,0.000851972
721.5,0.000845703
721.6,0.000839479
721.7,0.000833302
721.8,0.000827171
721.9,0.000821085
722,0.000815044
722.1,0.000809048
722.2,0.000803097
722.3,0.000797191
722.4,0.000791329
722.5,0.000785511
722.6,0.000779737
722.7,0.000774007
722.8,0.00076832
722.9,0.000762676
723,0.000757076
723.1,0.000751517
723.2,0.000746002
723.3,0.000740528
723.4,0.000735097
723.5,0.000729707
723.6,0.000724359
723.7,0.000719052
723.8,0.000713786
723.9,0.00070856
724,0.000703376
724.1,0.000698231
724.2,0.000693127
724.3,0.000688062
724.4,0.000683037
724.5,0.000678051
724.6,0.000673105
724.7,0.000668197
724.8,0.000663328
724.9,0.000658498
725,0.000653705
725.1,0.00064895
725.2,0.000644233
725.3,0.000639553
725.4,0.00063491
725.5,0.000630304
725.6,0.000625733
725.7,0.000621198
725.8,0.000616699
725.9,0.000612234
726,0.000607805
726.1,0.000603409
726.2,0.000599048
726.3,0.00059472
726.4,0.000590426
726.5,0.000586165
726.6,0.000581936
726.7,0.00057774
726.8,0.000573576
726.9,0.000569444
727,0.000565344
727.1,0.000561274
727.2,0.000557235
727.3,0.000553227
727.4,0.00054925
727.5,0.000545302
727.6,0.000541384
727.7,0.000537496
727.8,0.000533637
727.9,0.000529806
728,0.000526005
728.1,0.000522231
728.2,0.000518486
728.3,0.000514769
728.4,0.000511079
728.5,0.000507417
728.6,0.000503781
728.7,0.000500173
728.8,0.000496591
728.9,0.000493036
729,0.000489506
729.1,0.000486003
729.2,0.000482525
729.3,0.000479072
729.4,0.000475645
729.5,0.000472243
729.6,0.000468865
729.7,0.000465512
729.8,0.000462183
729.9,0.000458878
730,0.000455597
730.1,0.00045234
730.2,0.000449106
730.3,0.000445895
730.4,0.000442707
730.5,0.000439543
730.6,0.000436401
730.7,0.000433281
730.8,0.000430184
730.9,0.000427108
731,0.000424055
731.1,0.000421023
731.2,0.000418013
731.3,0.000415024
731.4,0.000412057
731.5,0.00040911
731.6,0.000406184
731.7,0.000403279
731.8,0.000400394
731.9,0.00039753
732,0.000394686
732.1,0.000391862
732.2,0.000389058
732.3,0.000386273
732.4,0.000383508
732.5,0.000380762
732.6,0.000378035
732.7,0.000375328
732.8,0.000372639
732.9,0.000369969
733,0.000367318
733.1,0.000364685
733.2,0.00036207
733.3,0.000359474
733.4,0.000356895
733.5,0.000354335
733.6,0.000351792
733.7,0.000349266
733.8,0.000346758
733.9,0.000344268
734,0.000341794
734.1,0.000339338
734.2,0.000336898
734.3,0.000334475
734.4,0.000332069
734.5,0.000329679
734.6,0.000327306
734.7,0.000324949
734.8,0.000322608
734.9,0.000320283
735,0.000317974
735.1,0.00031568
735.2,0.000313403
735.3,0.000311141
735.4,0.000308895
735.5,0.000306664
735.6,0.000304449
735.7,0.000302249
735.8,0.000300066
735.9,0.000297897
736,0.000295744
736.1,0.000293607
736.2,0.000291484
736.3,0.000289378
736.4,0.000287286
736.5,0.00028521
736.6,0.000283149
736.7,0.000281103
736.8,0.000279072
736.9,0.000277056
737,0.000275056
737.1,0.00027307
737.2,0.000271099
737.3,0.000269143
737.4,0.000267202
737.5,0.000265276
737.6,0.000263364
737.7,0.000261467
737.8,0.000259585
737.9,0.000257717
738,0.000255864
738.1,0.000254025
738.2,0.000252201
738.3,0.00025039
738.4,0.000248594
738.5,0.000246813
738.6,0.000245045
738.7,0.000243291
738.8,0.000241552
738.9,0.000239826
739,0.000238114
739.1,0.000236416
739.2,0.000234732
739.3,0.000233061
739.4,0.000231404
739.5,0.000229761
739.6,0.000228131
739.7,0.000226514
739.8,0.000224911
739.9,0.000223321
740,0.000221745
740.1,0.000220181
740.2,0.00021863
740.3,0.000217092
740.4,0.000215567
740.5,0.000214054
740.6,0.000212554
740.7,0.000211065
740.8,0.000209589
740.9,0.000208124
741,0.000206671
741.1,0.000205229
741.2,0.000203799
741.3,0.00020238
741.4,0.000200972
741.5,0.000199575
741.6,0.000198188
741.7,0.000196813
741.8,0.000195447
741.9,0.000194092
742,0.000192747
742.1,0.000191413
742.2,0.000190088
742.3,0.000188773
742.4,0.000187467
742.5,0.000186171
742.6,0.000184885
742.7,0.000183608
742.8,0.00018234
742.9,0.000181081
743,0.000179831
743.1,0.00017859
743.2,0.000177358
743.3,0.000176135
743.4,0.00017492
743.5,0.000173713
743.6,0.000172515
743.7,0.000171324
743.8,0.000170142
743.9,0.000168968
744,0.000167802
744.1,0.000166644
744.2,0.000165493
744.3,0.000164351
744.4,0.000163215
744.5,0.000162087
744.6,0.000160967
744.7,0.000159854
744.8,0.000158747
744.9,0.000157649
745,0.000156557
745.1,0.000155472
745.2,0.000154394
745.3,0.000153322
745.4,0.000152258
745.5,0.000151201
745.6,0.00015015
745.7,0.000149107
745.8,0.00014807
745.9,0.00014704
746,0.000146017
746.1,0.000145
746.2,0.000143991
746.3,0.000142988
746.4,0.000141991
746.5,0.000141002
746.6,0.000140019
746.7,0.000139043
746.8,0.000138073
746.9,0.00013711
747,0.000136153
747.1,0.000135204
747.2,0.00013426
747.3,0.000133323
747.4,0.000132393
747.5,0.000131469
747.6,0.000130551
747.7,0.00012964
747.8,0.000128736
747.9,0.000127837
748,0.000126945
748.1,0.000126059
748.2,0.00012518
748.3,0.000124307
748.4,0.00012344
748.5,0.000122579
748.6,0.000121724
748.7,0.000120876
748.8,0.000120034
748.9,0.000119197
749,0.000118367
749.1,0.000117543
749.2,0.000116725
749.3,0.000115913
749.4,0.000115106
749.5,0.000114306
749.6,0.000113512
749.7,0.000112723
749.8,0.000111941
749.9,0.000111164
750,0.000110393
750.1,0.000109627
750.2,0.000108868
750.3,0.000108114
750.4,0.000107366
750.5,0.000106623
750.6,0.000105886
750.7,0.000105154
750.8,0.000104427
750.9,0.000103706
751,0.000102991
751.1,0.00010228
751.2,0.000101575
751.3,0.000100875
751.4,0.000100181
751.5,9.94911E-05
751.6,9.88066E-05
751.7,9.81271E-05
751.8,9.74526E-05
751.9,0.000096783
752,9.61184E-05
752.1,9.54586E-05
752.2,9.48036E-05
752.3,9.41535E-05
752.4,9.35081E-05
752.5,9.28674E-05
752.6,9.22313E-05
752.7,0.0000916
752.8,9.09732E-05
752.9,9.03509E-05
753,8.97332E-05
753.1,0.00008912
753.2,8.85112E-05
753.3,8.79069E-05
753.4,8.73069E-05
753.5,8.67112E-05
753.6,8.61199E-05
753.7,8.55328E-05
753.8,0.00008495
753.9,8.43714E-05
754,8.37969E-05
754.1,8.32266E-05
754.2,8.26604E-05
754.3,8.20982E-05
754.4,8.15401E-05
754.5,0.000080986
754.6,8.04359E-05
754.7,7.98897E-05
754.8,7.93474E-05
754.9,0.000078809
755,7.82744E-05
755.1,7.77437E-05
755.2,7.72167E-05
755.3,7.66935E-05
755.4,0.000076174
755.5,7.56581E-05
755.6,0.000075146
755.7,7.46374E-05
755.8,7.41324E-05
755.9,0.000073631
756,7.31331E-05
756.1,7.26387E-05
756.2,7.21478E-05
756.3,7.16603E-05
756.4,7.11762E-05
756.5,7.06955E-05
756.6,7.02181E-05
756.7,0.000069744
756.8,6.92732E-05
756.9,6.88057E-05
757,6.83414E-05
757.1,6.78803E-05
757.2,6.74224E-05
757.3,6.69677E-05
757.4,0.000066516
757.5,6.60675E-05
757.6,0.000065622
757.7,6.51796E-05
757.8,6.47402E-05
757.9,6.43038E-05
758,6.38704E-05
758.1,6.34399E-05
758.2,6.30123E-05
758.3,6.25876E-05
758.4,6.21658E-05
758.5,6.17468E-05
758.6,6.13307E-05
758.7,6.09173E-05
758.8,6.05068E-05
758.9,0.000060099
759,5.96939E-05
759.1,5.92915E-05
759.2,5.88918E-05
759.3,5.84948E-05
759.4,5.81005E-05
759.5,5.77087E-05
759.6,5.73196E-05
759.7,0.000056933
759.8,0.000056549
759.9,5.61676E-05
760,5.57886E-05
760.1,5.54122E-05
760.2,5.50382E-05
760.3,5.46668E-05
760.4,5.42978E-05
760.5,5.39312E-05
760.6,5.35671E-05
760.7,5.32055E-05
760.8,5.28463E-05
760.9,5.24895E-05
761,5.21351E-05
761.1,5.17831E-05
761.2,5.14335E-05
761.3,5.10863E-05
761.4,5.07415E-05
761.5,0.000050399
761.6,5.00589E-05
761.7,4.97212E-05
761.8,4.93857E-05
761.9,4.90526E-05
762,4.87218E-05
762.1,4.83933E-05
762.2,4.80671E-05
762.3,4.77431E-05
762.4,4.74214E-05
762.5,0.000047102
762.6,4.67849E-05
762.7,4.64699E-05
762.8,4.61572E-05
762.9,4.58467E-05
763,4.55385E-05
763.1,4.52324E-05
763.2,4.49284E-05
763.3,4.46267E-05
763.4,4.43271E-05
763.5,4.40297E-05
763.6,4.37344E-05
763.7,4.34413E-05
763.8,4.31502E-05
763.9,4.28613E-05
764,4.25744E-05
764.1,4.22897E-05
764.2,0.000042007
764.3,4.17264E-05
764.4,4.14478E-05
764.5,4.11713E-05
764.6,4.08968E-05
764.7,4.06243E-05
764.8,4.03538E-05
764.9,4.00853E-05
765,3.98188E-05
765.1,3.95543E-05
765.2,3.92918E-05
765.3,3.90311E-05
765.4,3.87724E-05
765.5,3.85155E-05
765.6,3.82605E-05
765.7,3.80074E-05
765.8,3.77561E-05
765.9,3.75065E-05
766,3.72588E-05
766.1,3.70128E-05
766.2,3.67685E-05
766.3,0.000036526
766.4,3.62851E-05
766.5,0.000036046
766.6,3.58085E-05
766.7,3.55726E-05
766.8,3.53384E-05
766.9,3.51057E-05
767,3.48747E-05
767.1,3.46452E-05
767.2,3.44173E-05
767.3,3.41909E-05
767.4,0.000033966
767.5,3.37426E-05
767.6,3.35207E-05
767.7,3.33003E-05
767.8,3.30813E-05
767.9,3.28638E-05
768,3.26477E-05
768.1,3.24329E-05
768.2,3.22196E-05
768.3,3.20077E-05
768.4,3.17971E-05
768.5,3.15879E-05
768.6,0.00003138
768.7,3.11734E-05
768.8,3.09681E-05
768.9,3.07641E-05
769,3.05614E-05
769.1,0.00003036
769.2,3.01598E-05
769.3,2.99608E-05
769.4,2.97631E-05
769.5,2.95666E-05
769.6,2.93712E-05
769.7,2.91771E-05
769.8,2.89842E-05
769.9,2.87924E-05
770,2.86018E-05
770.1,2.84123E-05
770.2,2.82239E-05
770.3,2.80367E-05
770.4,2.78507E-05
770.5,2.76658E-05
770.6,0.000027482
770.7,2.72994E-05
770.8,2.71179E-05
770.9,2.69376E-05
771,2.67584E-05
771.1,2.65804E-05
771.2,2.64035E-05
771.3,2.62277E-05
771.4,2.60531E-05
771.5,2.58797E-05
771.6,2.57073E-05
771.7,2.55362E-05
771.8,2.53661E-05
771.9,2.51972E-05
772,2.50294E-05
772.1,2.48628E-05
772.2,2.46973E-05
772.3,2.45329E-05
772.4,2.43697E-05
772.5,2.42075E-05
772.6,2.40465E-05
772.7,2.38867E-05
772.8,2.37279E-05
772.9,2.35703E-05
773,2.34137E-05
773.1,2.32583E-05
773.2,0.000023104
773.3,2.29508E-05
773.4,2.27987E-05
773.5,2.26477E-05
773.6,2.24978E-05
773.7,0.000022349
773.8,2.22013E-05
773.9,2.20547E-05
774,2.19091E-05
774.1,2.17647E-05
774.2,2.16213E-05
774.3,0.000021479
774.4,2.13377E-05
774.5,2.11976E-05
774.6,2.10585E-05
774.7,2.09204E-05
774.8,2.07834E-05
774.9,2.06475E-05
775,2.05126E-05
775.1,2.03787E-05
775.2,2.02459E-05
775.3,2.01141E-05
775.4,1.99833E-05
775.5,1.98535E-05
775.6,1.97247E-05
775.7,1.95969E-05
775.8,0.00001947
775.9,0.000019344
776,0.000019219
776.1,1.90949E-05
776.2,1.89718E-05
776.3,1.88495E-05
776.4,1.87281E-05
776.5,1.86076E-05
776.6,0.000018488
776.7,1.83692E-05
776.8,1.82513E-05
776.9,1.81342E-05
777,0.000018018
777.1,1.79025E-05
777.2,1.77879E-05
777.3,1.76741E-05
777.4,1.75611E-05
777.5,1.74488E-05
777.6,1.73373E-05
777.7,1.72266E-05
777.8,1.71167E-05
777.9,1.70075E-05
778,0.000016899
778.1,1.67913E-05
778.2,1.66842E-05
778.3,1.65779E-05
778.4,1.64723E-05
778.5,1.63674E-05
778.6,1.62632E-05
778.7,1.61597E-05
778.8,1.60568E-05
778.9,1.59546E-05
779,1.58531E-05
779.1,1.57522E-05
779.2,0.000015652
779.3,1.55524E-05
779.4,1.54534E-05
779.5,0.000015355
779.6,1.52573E-05
779.7,1.51602E-05
779.8,1.50637E-05
779.9,1.49678E-05
780,1.48724E-05
780.1,1.47777E-05
780.2,1.46835E-05
780.3,1.45899E-05
780.4,1.44969E-05
780.5,1.44045E-05
780.6,1.43126E-05
780.7,1.42213E-05
780.8,1.41306E-05
780.9,1.40405E-05
781,1.39509E-05
781.1,1.38618E-05
781.2,1.37733E-05
781.3,1.36854E-05
781.4,0.000013598
781.5,1.35112E-05
781.6,1.34249E-05
781.7,1.33392E-05
781.8,0.000013254
781.9,1.31694E-05
782,1.30853E-05
782.1,1.30017E-05
782.2,1.29187E-05
782.3,1.28362E-05
782.4,1.27542E-05
782.5,1.26727E-05
782.6,1.25918E-05
782.7,1.25114E-05
782.8,1.24315E-05
782.9,1.23521E-05
783,1.22733E-05
783.1,1.21949E-05
783.2,1.21171E-05
783.3,1.20397E-05
783.4,1.19629E-05
783.5,1.18866E-05
783.6,1.18107E-05
783.7,1.17354E-05
783.8,1.16606E-05
783.9,1.15862E-05
784,1.15123E-05
784.1,0.000011439
784.2,1.13661E-05
784.3,1.12936E-05
784.4,1.12217E-05
784.5,1.11502E-05
784.6,1.10793E-05
784.7,1.10087E-05
784.8,1.09387E-05
784.9,1.08691E-05
785,0.0000108
785.1,1.07314E-05
785.2,1.06632E-05
785.3,1.05954E-05
785.4,1.05281E-05
785.5,1.04613E-05
785.6,1.03949E-05
785.7,1.03289E-05
785.8,1.02634E-05
785.9,1.01983E-05
786,1.01336E-05
786.1,1.00694E-05
786.2,1.00056E-05
786.3,9.9422E-06
786.4,9.87922E-06
786.5,9.81666E-06
786.6,9.7545E-06
786.7,9.69275E-06
786.8,9.63141E-06
786.9,9.57047E-06
787,9.50992E-06
787.1,9.44977E-06
787.2,0.00000939
787.3,9.33063E-06
787.4,9.27164E-06
787.5,0.000009213
787.6,9.15481E-06
787.7,0.000009097
787.8,9.03948E-06
787.9,8.98237E-06
788,8.92563E-06
788.1,8.86926E-06
788.2,8.81324E-06
788.3,8.75759E-06
788.4,8.70229E-06
788.5,8.64735E-06
788.6,8.59276E-06
788.7,8.53852E-06
788.8,8.48462E-06
788.9,8.43106E-06
789,8.37785E-06
789.1,0.000008325
789.2,8.27244E-06
789.3,8.22023E-06
789.4,8.16836E-06
789.5,8.11681E-06
789.6,8.06559E-06
789.7,8.01469E-06
789.8,7.96412E-06
789.9,7.91386E-06
790,7.86392E-06
790.1,7.81429E-06
790.2,0.000007765
790.3,0.000007716
790.4,7.66728E-06
790.5,7.6189E-06
790.6,7.57082E-06
790.7,0.000007523
790.8,7.47557E-06
790.9,7.42841E-06
791,7.38154E-06
791.1,0.000007335
791.2,7.2887E-06
791.3,7.24273E-06
791.4,7.19705E-06
791.5,7.15167E-06
791.6,7.10657E-06
791.7,7.06177E-06
791.8,7.01726E-06
791.9,0.000006973
792,6.9291E-06
792.1,6.88544E-06
792.2,6.84207E-06
792.3,0.000006799
792.4,6.75618E-06
792.5,6.71365E-06
792.6,6.67139E-06
792.7,6.62942E-06
792.8,6.58772E-06
792.9,6.54629E-06
793,6.50514E-06
793.1,6.46425E-06
793.2,6.42364E-06
793.3,6.38329E-06
793.4,6.3432E-06
793.5,6.30339E-06
793.6,6.26383E-06
793.7,6.22454E-06
793.8,6.18551E-06
793.9,6.14674E-06
794,6.10822E-06
794.1,0.00000607
794.2,0.000006032
794.3,5.99421E-06
794.4,5.95671E-06
794.5,5.91946E-06
794.6,5.88246E-06
794.7,5.84571E-06
794.8,5.80921E-06
794.9,0.000005773
795,5.73694E-06
795.1,5.70116E-06
795.2,5.66563E-06
795.3,5.63034E-06
795.4,5.59528E-06
795.5,5.56046E-06
795.6,5.52587E-06
795.7,5.49152E-06
795.8,5.4574E-06
795.9,5.4235E-06
796,5.38983E-06
796.1,5.35639E-06
796.2,5.32317E-06
796.3,5.29017E-06
796.4,5.25739E-06
796.5,5.22483E-06
796.6,5.19249E-06
796.7,5.16037E-06
796.8,5.12846E-06
796.9,5.09676E-06
797,5.06527E-06
797.1,0.000005034
797.2,5.00292E-06
797.3,4.97206E-06
797.4,4.9414E-06
797.5,4.91094E-06
797.6,4.88069E-06
797.7,4.85064E-06
797.8,4.82078E-06
797.9,4.79113E-06
798,4.76167E-06
798.1,4.7324E-06
798.2,4.70333E-06
798.3,4.67445E-06
798.4,4.64576E-06
798.5,4.61726E-06
798.6,0.000004589
798.7,4.56083E-06
798.8,4.53289E-06
798.9,4.50513E-06
799,4.47756E-06
799.1,4.45017E-06
799.2,0.000004423
799.3,4.39593E-06
799.4,4.36907E-06
799.5,4.34239E-06
799.6,4.31589E-06
799.7,4.28956E-06
799.8,4.2634E-06
799.9,4.23741E-06
800,4.2116E-06
800.1,0.000004186
800.2,4.16047E-06
800.3,4.13515E-06
800.4,0.00000411
800.5,0.000004085
800.6,4.06019E-06
800.7,4.03552E-06
800.8,0.000004011
800.9,3.98666E-06
801,3.96246E-06
801.1,3.93841E-06
801.2,3.91452E-06
801.3,3.89078E-06
801.4,3.86718E-06
801.5,3.84374E-06
801.6,3.82044E-06
801.7,3.79728E-06
801.8,3.77427E-06
801.9,3.7514E-06
802,3.72867E-06
802.1,3.70609E-06
802.2,3.68364E-06
802.3,3.66133E-06
802.4,3.63915E-06
802.5,3.61711E-06
802.6,3.5952E-06
802.7,3.57343E-06
802.8,3.55178E-06
802.9,3.53027E-06
803,3.50888E-06
803.1,3.48762E-06
803.2,3.46649E-06
803.3,3.44549E-06
803.4,3.42461E-06
803.5,3.40385E-06
803.6,3.38321E-06
803.7,3.3627E-06
803.8,3.3423E-06
803.9,0.000003322
804,3.30187E-06
804.1,3.28183E-06
804.2,3.2619E-06
804.3,3.24209E-06
804.4,3.2224E-06
804.5,3.20281E-06
804.6,3.18334E-06
804.7,0.000003164
804.8,3.14473E-06
804.9,3.12559E-06
805,3.10656E-06
805.1,3.08764E-06
805.2,3.06882E-06
805.3,3.05011E-06
805.4,3.03151E-06
805.5,0.000003013
805.6,2.99462E-06
805.7,2.97634E-06
805.8,2.95816E-06
805.9,2.94009E-06
806,2.92212E-06
806.1,2.90426E-06
806.2,2.8865E-06
806.3,2.86885E-06
806.4,2.8513E-06
806.5,2.83386E-06
806.6,2.81652E-06
806.7,2.79929E-06
806.8,2.78216E-06
806.9,2.76513E-06
807,2.74821E-06
807.1,2.73139E-06
807.2,2.71467E-06
807.3,2.69805E-06
807.4,2.68153E-06
807.5,2.66512E-06
807.6,2.64881E-06
807.7,2.63259E-06
807.8,2.61648E-06
807.9,2.60047E-06
808,2.58456E-06
808.1,2.56875E-06
808.2,0.000002553
808.3,2.53742E-06
808.4,2.52191E-06
808.5,2.50649E-06
808.6,2.49117E-06
808.7,0.000002476
808.8,2.46083E-06
808.9,2.4458E-06
809,2.43087E-06
809.1,0.000002416
809.2,2.40129E-06
809.3,2.38665E-06
809.4,2.3721E-06
809.5,2.35765E-06
809.6,2.34329E-06
809.7,0.000002329
809.8,2.31485E-06
809.9,2.30077E-06
810,2.28679E-06
810.1,2.27289E-06
810.2,2.25909E-06
810.3,2.24538E-06
810.4,2.23176E-06
810.5,2.21823E-06
810.6,2.20479E-06
810.7,2.19144E-06
810.8,2.17817E-06
810.9,0.000002165
811,2.15191E-06
811.1,2.1389E-06
811.2,0.000002126
811.3,2.11315E-06
811.4,2.1004E-06
811.5,2.08774E-06
811.6,2.07516E-06
811.7,2.06266E-06
811.8,2.05024E-06
811.9,2.03791E-06
812,2.02566E-06
812.1,2.01348E-06
812.2,2.00139E-06
812.3,1.98938E-06
812.4,1.97744E-06
812.5,1.96559E-06
812.6,1.95381E-06
812.7,1.94211E-06
812.8,1.93048E-06
812.9,1.91894E-06
813,1.90746E-06
813.1,1.89607E-06
813.2,1.88474E-06
813.3,1.8735E-06
813.4,1.86232E-06
813.5,1.85122E-06
813.6,1.84019E-06
813.7,1.82924E-06
813.8,1.81835E-06
813.9,1.80754E-06
814,1.79679E-06
814.1,1.78612E-06
814.2,1.77552E-06
814.3,0.000001765
814.4,1.75452E-06
814.5,1.74412E-06
814.6,1.73379E-06
814.7,1.72353E-06
814.8,1.71334E-06
814.9,1.70321E-06
815,1.69315E-06
815.1,1.68315E-06
815.2,1.67322E-06
815.3,1.66335E-06
815.4,1.65355E-06
815.5,1.64381E-06
815.6,1.63413E-06
815.7,1.62451E-06
815.8,0.000001615
815.9,1.60547E-06
816,0.000001596
816.1,1.58666E-06
816.2,1.57734E-06
816.3,1.56809E-06
816.4,1.55889E-06
816.5,1.54975E-06
816.6,1.54067E-06
816.7,1.53165E-06
816.8,1.52268E-06
816.9,1.51376E-06
817,1.5049E-06
817.1,1.4961E-06
817.2,1.48735E-06
817.3,1.47865E-06
817.4,0.00000147
817.5,1.46142E-06
817.6,1.45288E-06
817.7,1.4444E-06
817.8,0.000001436
817.9,1.42758E-06
818,1.41925E-06
818.1,0.000001411
818.2,1.40273E-06
818.3,1.39455E-06
818.4,1.38641E-06
818.5,1.37832E-06
818.6,1.37028E-06
818.7,1.36229E-06
818.8,1.35435E-06
818.9,1.34645E-06
819,1.3386E-06
819.1,1.33079E-06
819.2,0.000001323
819.3,1.31532E-06
819.4,1.30765E-06
819.5,0.0000013
819.6,1.29245E-06
819.7,1.28491E-06
819.8,1.27741E-06
819.9,0.00000127
820,1.26256E-06
820.1,1.25519E-06
820.2,1.24787E-06
820.3,1.24058E-06
820.4,1.23334E-06
820.5,1.22615E-06
820.6,0.000001219
820.7,1.21187E-06
820.8,1.2048E-06
820.9,1.19776E-06
821,1.19077E-06
821.1,1.18382E-06
821.2,1.17691E-06
821.3,0.00000117
821.4,1.1632E-06
821.5,1.15641E-06
821.6,1.14965E-06
821.7,1.14294E-06
821.8,1.13626E-06
821.9,1.12963E-06
822,0.000001123
822.1,1.11647E-06
822.2,0.00000111
822.3,1.10347E-06
822.4,0.000001097
822.5,1.09062E-06
822.6,1.08425E-06
822.7,1.07792E-06
822.8,1.07163E-06
822.9,1.06537E-06
823,1.05915E-06
823.1,0.000001053
823.2,1.04682E-06
823.3,1.04071E-06
823.4,1.03464E-06
823.5,1.0286E-06
823.6,1.0226E-06
823.7,1.01664E-06
823.8,1.01071E-06
823.9,1.00481E-06
824,0.000000999
824.1,9.93126E-07
824.2,9.87336E-07
824.3,9.81581E-07
824.4,9.75861E-07
824.5,9.70174E-07
824.6,9.64522E-07
824.7,9.58904E-07
824.8,9.5332E-07
824.9,9.47769E-07
825,9.42251E-07
825.1,9.36767E-07
825.2,9.31316E-07
825.3,9.25898E-07
825.4,9.20513E-07
825.5,9.15161E-07
825.6,9.0984E-07
825.7,9.04552E-07
825.8,8.99296E-07
825.9,8.94073E-07
826,8.8888E-07
826.1,8.8372E-07
826.2,8.78591E-07
826.3,8.73493E-07
826.4,8.68426E-07
826.5,8.6339E-07
826.6,8.58385E-07
826.7,8.5341E-07
826.8,8.48466E-07
826.9,8.43553E-07
827,8.38669E-07
827.1,8.33815E-07
827.2,0.000000829
827.3,8.24197E-07
827.4,8.19432E-07
827.5,8.14697E-07
827.6,0.00000081
827.7,8.05313E-07
827.8,8.00665E-07
827.9,0.000000796
828,7.91454E-07
828.1,7.86891E-07
828.2,7.82356E-07
828.3,7.7785E-07
828.4,7.73371E-07
828.5,7.6892E-07
828.6,7.64497E-07
828.7,7.60101E-07
828.8,7.55733E-07
828.9,7.51391E-07
829,7.47077E-07
829.1,7.42789E-07
829.2,7.38529E-07
829.3,7.34294E-07
829.4,7.30087E-07
829.5,7.25905E-07
829.6,7.2175E-07
829.7,7.1762E-07
829.8,7.13516E-07
829.9,7.09438E-07
830,7.05386E-07
831,0
832,0
833,0
834,0
835,0
836,0
837,0
838,0
839,0
840,0
841,0
842,0
843,0
844,0
845,0
846,0
847,0
848,0
849,0
850,0
851,0
852,0
853,0
854,0
855,0
856,0
857,0
858,0
859,0
860,0
861,0
862,0
863,0
864,0
865,0
866,0
867,0
868,0
869,0
870,0
871,0
872,0
873,0
874,0
875,0
876,0
877,0
878,0
879,0
880,0
881,0
882,0
883,0
884,0
885,0
886,0
887,0
888,0
889,0
890,0
891,0
892,0
893,0
894,0
895,0
896,0
897,0
898,0
899,0
900,0
901,0
902,0
903,0
904,0
905,0
906,0
907,0
908,0
909,0
910,0
911,0
912,0
913,0
914,0
915,0
916,0
917,0
918,0
919,0
920,0
921,0
922,0
923,0
924,0
925,0
926,0
927,0
928,0
929,0
930,0
931,0
932,0
933,0
934,0
935,0
936,0
937,0
938,0
939,0
940,0
941,0
942,0
943,0
944,0
945,0
946,0
947,0
948,0
949,0
950,0
951,0
952,0
953,0
954,0
955,0
956,0
957,0
958,0
959,0
960,0
961,0
962,0
963,0
964,0
965,0
966,0
967,0
968,0
969,0
970,0
971,0
972,0
973,0
974,0
975,0
976,0
977,0
978,0
979,0
980,0
981,0
982,0
983,0
984,0
985,0
986,0
987,0
988,0
989,0
990,0
991,0
992,0
993,0
994,0
995,0
996,0
997,0
998,0
999,0
1000,0
1001,0
1002,0
1003,0
1004,0
1005,0
1006,0
1007,0
1008,0
1009,0
1010,0
1011,0
1012,0
1013,0
1014,0
1015,0
1016,0
1017,0
1018,0
1019,0
1020,0
1021,0
1022,0
1023,0
1024,0
1025,0
1026,0
1027,0
1028,0
1029,0
1030,0
1031,0
1032,0
1033,0
1034,0
1035,0
1036,0
1037,0
1038,0
1039,0
1040,0
1041,0
1042,0
1043,0
1044,0
1045,0
1046,0
1047,0
1048,0
1049,0
1050,0
1051,0
1052,0
1053,0
1054,0
1055,0
1056,0
1057,0
1058,0
1059,0
1060,0
1061,0
1062,0
1063,0
1064,0
1065,0
1066,0
1067,0
1068,0
1069,0
1070,0
1071,0
1072,0
1073,0
1074,0
1075,0
1076,0
1077,0
1078,0
1079,0
1080,0
1081,0
1082,0
1083,0
1084,0
1085,0
1086,0
1087,0
1088,0
1089,0
1090,0
1091,0
1092,0
1093,0
1094,0
1095,0
1096,0
1097,0
1098,0
1099,0
1100,0
1101,0
1102,0
1103,0
1104,0
1105,0
1106,0
1107,0
1108,0
1109,0
1110,0
1111,0
1112,0
1113,0
1114,0
1115,0
1116,0
1117,0
1118,0
1119,0
1120,0
1121,0
1122,0
1123,0
1124,0
1125,0
1126,0
1127,0
1128,0
1129,0
1130,0
1131,0
1132,0
1133,0
1134,0
1135,0
1136,0
1137,0
1138,0
1139,0
1140,0
1141,0
1142,0
1143,0
1144,0
1145,0
1146,0
1147,0
1148,0
1149,0
1150,0
1151,0
1152,0
1153,0
1154,0
1155,0
1156,0
1157,0
1158,0
1159,0
1160,0
1161,0
1162,0
1163,0
1164,0
1165,0
1166,0
1167,0
1168,0
1169,0
1170,0
1171,0
1172,0
1173,0
1174,0
1175,0
1176,0
1177,0
1178,0
1179,0
1180,0
1181,0
1182,0
1183,0
1184,0
1185,0
1186,0
1187,0
1188,0
1189,0
1190,0
1191,0
1192,0
1193,0
1194,0
1195,0
1196,0
1197,0
1198,0
1199,0
1200,0
1201,0
1202,0
1203,0
1204,0
1205,0
1206,0
1207,0
1208,0
1209,0
1210,0
1211,0
1212,0
1213,0
1214,0
1215,0
1216,0
1217,0
1218,0
1219,0
1220,0
1221,0
1222,0
1223,0
1224,0
1225,0
1226,0
1227,0
1228,0
1229,0
1230,0
1231,0
1232,0
1233,0
1234,0
1235,0
1236,0
1237,0
1238,0
1239,0
1240,0
1241,0
1242,0
1243,0
1244,0
1245,0
1246,0
1247,0
1248,0
1249,0
1250,0
1251,0
1252,0
1253,0
1254,0
1255,0
1256,0
1257,0
1258,0
1259,0
1260,0
1261,0
1262,0
1263,0
1264,0
1265,0
1266,0
1267,0
1268,0
1269,0
1270,0
1271,0
1272,0
1273,0
1274,0
1275,0
1276,0
1277,0
1278,0
1279,0
1280,0
1281,0
1282,0
1283,0
1284,0
1285,0
1286,0
1287,0
1288,0
1289,0
1290,0
1291,0
1292,0
1293,0
1294,0
1295,0
1296,0
1297,0
1298,0
1299,0
1300,0
1301,0
1302,0
1303,0
1304,0
1305,0
1306,0
1307,0
1308,0
1309,0
1310,0
1311,0
1312,0
1313,0
1314,0
1315,0
1316,0
1317,0
1318,0
1319,0
1320,0
1321,0
1322,0
1323,0
1324,0
1325,0
1326,0
1327,0
1328,0
1329,0
1330,0
1331,0
1332,0
1333,0
1334,0
1335,0
1336,0
1337,0
1338,0
1339,0
1340,0
1341,0
1342,0
1343,0
1344,0
1345,0
1346,0
1347,0
1348,0
1349,0
1350,0
1351,0
1352,0
1353,0
1354,0
1355,0
1356,0
1357,0
1358,0
1359,0
1360,0
1361,0
1362,0
1363,0
1364,0
1365,0
1366,0
1367,0
1368,0
1369,0
1370,0
1371,0
1372,0
1373,0
1374,0
1375,0
1376,0
1377,0
1378,0
1379,0
1380,0
1381,0
1382,0
1383,0
1384,0
1385,0
1386,0
1387,0
1388,0
1389,0
1390,0
1391,0
1392,0
1393,0
1394,0
1395,0
1396,0
1397,0
1398,0
1399,0
1400,0
1401,0
1402,0
1403,0
1404,0
1405,0
1406,0
1407,0
1408,0
1409,0
1410,0
1411,0
1412,0
1413,0
1414,0
1415,0
1416,0
1417,0
1418,0
1419,0
1420,0
1421,0
1422,0
1423,0
1424,0
1425,0
1426,0
1427,0
1428,0
1429,0
1430,0
1431,0
1432,0
1433,0
1434,0
1435,0
1436,0
1437,0
1438,0
1439,0
1440,0
1441,0
1442,0
1443,0
1444,0
1445,0
1446,0
1447,0
1448,0
1449,0
1450,0
1451,0
1452,0
1453,0
1454,0
1455,0
1456,0
1457,0
1458,0
1459,0
1460,0
1461,0
1462,0
1463,0
1464,0
1465,0
1466,0
1467,0
1468,0
1469,0
1470,0
1471,0
1472,0
1473,0
1474,0
1475,0
1476,0
1477,0
1478,0
1479,0
1480,0
1481,0
1482,0
1483,0
1484,0
1485,0
1486,0
1487,0
1488,0
1489,0
1490,0
1491,0
1492,0
1493,0
1494,0
1495,0
1496,0
1497,0
1498,0
1499,0
1500,0
1501,0
1502,0
1503,0
1504,0
1505,0
1506,0
1507,0
1508,0
1509,0
1510,0
1511,0
1512,0
1513,0
1514,0
1515,0
1516,0
1517,0
1518,0
1519,0
1520,0
1521,0
1522,0
1523,0
1524,0
1525,0
1526,0
1527,0
1528,0
1529,0
1530,0
1531,0
1532,0
1533,0
1534,0
1535,0
1536,0
1537,0
1538,0
1539,0
1540,0
1541,0
1542,0
1543,0
1544,0
1545,0
1546,0
1547,0
1548,0
1549,0
1550,0
1551,0
1552,0
1553,0
1554,0
1555,0
1556,0
1557,0
1558,0
1559,0
1560,0
1561,0
1562,0
1563,0
1564,0
1565,0
1566,0
1567,0
1568,0
1569,0
1570,0
1571,0
1572,0
1573,0
1574,0
1575,0
1576,0
1577,0
1578,0
1579,0
1580,0
1581,0
1582,0
1583,0
1584,0
1585,0
1586,0
1587,0
1588,0
1589,0
1590,0
1591,0
1592,0
1593,0
1594,0
1595,0
1596,0
1597,0
1598,0
1599,0
1600,0
1601,0
1602,0
1603,0
1604,0
1605,0
1606,0
1607,0
1608,0
1609,0
1610,0
1611,0
1612,0
1613,0
1614,0
1615,0
1616,0
1617,0
1618,0
1619,0
1620,0
1621,0
1622,0
1623,0
1624,0
1625,0
1626,0
1627,0
1628,0
1629,0
1630,0
1631,0
1632,0
1633,0
1634,0
1635,0
1636,0
1637,0
1638,0
1639,0
1640,0
1641,0
1642,0
1643,0
1644,0
1645,0
1646,0
1647,0
1648,0
1649,0
1650,0
1651,0
1652,0
1653,0
1654,0
1655,0
1656,0
1657,0
1658,0
1659,0
1660,0
1661,0
1662,0
1663,0
1664,0
1665,0
1666,0
1667,0
1668,0
1669,0
1670,0
1671,0
1672,0
1673,0
1674,0
1675,0
1676,0
1677,0
1678,0
1679,0
1680,0
1681,0
1682,0
1683,0
1684,0
1685,0
1686,0
1687,0
1688,0
1689,0
1690,0
1691,0
1692,0
1693,0
1694,0
1695,0
1696,0
1697,0
1698,0
1699,0
1700,0
1701,0
1702,0
1703,0
1704,0
1705,0
1706,0
1707,0
1708,0
1709,0
1710,0
1711,0
1712,0
1713,0
1714,0
1715,0
1716,0
1717,0
1718,0
1719,0
1720,0
1721,0
1722,0
1723,0
1724,0
1725,0
1726,0
1727,0
1728,0
1729,0
1730,0
1731,0
1732,0
1733,0
1734,0
1735,0
1736,0
1737,0
1738,0
1739,0
1740,0
1741,0
1742,0
1743,0
1744,0
1745,0
1746,0
1747,0
1748,0
1749,0
1750,0
1751,0
1752,0
1753,0
1754,0
1755,0
1756,0
1757,0
1758,0
1759,0
1760,0
1761,0
1762,0
1763,0
1764,0
1765,0
1766,0
1767,0
1768,0
1769,0
1770,0
1771,0
1772,0
1773,0
1774,0
1775,0
1776,0
1777,0
1778,0
1779,0
1780,0
1781,0
1782,0
1783,0
1784,0
1785,0
1786,0
1787,0
1788,0
1789,0
1790,0
1791,0
1792,0
1793,0
1794,0
1795,0
1796,0
1797,0
1798,0
1799,0
1800,0
1801,0
1802,0
1803,0
1804,0
1805,0
1806,0
1807,0
1808,0
1809,0
1810,0
1811,0
1812,0
1813,0
1814,0
1815,0
1816,0
1817,0
1818,0
1819,0
1820,0
1821,0
1822,0
1823,0
1824,0
1825,0
1826,0
1827,0
1828,0
1829,0
1830,0
1831,0
1832,0
1833,0
1834,0
1835,0
1836,0
1837,0
1838,0
1839,0
1840,0
1841,0
1842,0
1843,0
1844,0
1845,0
1846,0
1847,0
1848,0
1849,0
1850,0
1851,0
1852,0
1853,0
1854,0
1855,0
1856,0
1857,0
1858,0
1859,0
1860,0
1861,0
1862,0
1863,0
1864,0
1865,0
1866,0
1867,0
1868,0
1869,0
1870,0
1871,0
1872,0
1873,0
1874,0
1875,0
1876,0
1877,0
1878,0
1879,0
1880,0
1881,0
1882,0
1883,0
1884,0
1885,0
1886,0
1887,0
1888,0
1889,0
1890,0
1891,0
1892,0
1893,0
1894,0
1895,0
1896,0
1897,0
1898,0
1899,0
1900,0
1901,0
1902,0
1903,0
1904,0
1905,0
1906,0
1907,0
1908,0
1909,0
1910,0
1911,0
1912,0
1913,0
1914,0
1915,0
1916,0
1917,0
1918,0
1919,0
1920,0
1921,0
1922,0
1923,0
1924,0
1925,0
1926,0
1927,0
1928,0
1929,0
1930,0
1931,0
1932,0
1933,0
1934,0
1935,0
1936,0
1937,0
1938,0
1939,0
1940,0
1941,0
1942,0
1943,0
1944,0
1945,0
1946,0
1947,0
1948,0
1949,0
1950,0
1951,0
1952,0
1953,0
1954,0
1955,0
1956,0
1957,0
1958,0
1959,0
1960,0
1961,0
1962,0
1963,0
1964,0
1965,0
1966,0
1967,0
1968,0
1969,0
1970,0
1971,0
1972,0
1973,0
1974,0
1975,0
1976,0
1977,0
1978,0
1979,0
1980,0
1981,0
1982,0
1983,0
1984,0
1985,0
1986,0
1987,0
1988,0
1989,0
1990,0
1991,0
1992,0
1993,0
1994,0
1995,0
1996,0
1997,0
1998,0
1999,0
2000,0
2001,0
2002,0
2003,0
2004,0
2005,0
2006,0
2007,0
2008,0
2009,0
2010,0
2011,0
2012,0
2013,0
2014,0
2015,0
2016,0
2017,0
2018,0
2019,0
2020,0
2021,0
2022,0
2023,0
2024,0
2025,0
2026,0
2027,0
2028,0
2029,0
2030,0
2031,0
2032,0
2033,0
2034,0
2035,0
2036,0
2037,0
2038,0
2039,0
2040,0
2041,0
2042,0
2043,0
2044,0
2045,0
2046,0
2047,0
2048,0
2049,0
2050,0
2051,0
2052,0
2053,0
2054,0
2055,0
2056,0
2057,0
2058,0
2059,0
2060,0
2061,0
2062,0
2063,0
2064,0
2065,0
2066,0
2067,0
2068,0
2069,0
2070,0
2071,0
2072,0
2073,0
2074,0
2075,0
2076,0
2077,0
2078,0
2079,0
2080,0
2081,0
2082,0
2083,0
2084,0
2085,0
2086,0
2087,0
2088,0
2089,0
2090,0
2091,0
2092,0
2093,0
2094,0
2095,0
2096,0
2097,0
2098,0
2099,0
2100,0
2101,0
2102,0
2103,0
2104,0
2105,0
2106,0
2107,0
2108,0
2109,0
2110,0
2111,0
2112,0
2113,0
2114,0
2115,0
2116,0
2117,0
2118,0
2119,0
2120,0
2121,0
2122,0
2123,0
2124,0
2125,0
2126,0
2127,0
2128,0
2129,0
2130,0
2131,0
2132,0
2133,0
2134,0
2135,0
2136,0
2137,0
2138,0
2139,0
2140,0
2141,0
2142,0
2143,0
2144,0
2145,0
2146,0
2147,0
2148,0
2149,0
2150,0
2151,0
2152,0
2153,0
2154,0
2155,0
2156,0
2157,0
2158,0
2159,0
2160,0
2161,0
2162,0
2163,0
2164,0
2165,0
2166,0
2167,0
2168,0
2169,0
2170,0
2171,0
2172,0
2173,0
2174,0
2175,0
2176,0
2177,0
2178,0
2179,0
2180,0
2181,0
2182,0
2183,0
2184,0
2185,0
2186,0
2187,0
2188,0
2189,0
2190,0
2191,0
2192,0
2193,0
2194,0
2195,0
2196,0
2197,0
2198,0
2199,0
2200,0
2201,0
2202,0
2203,0
2204,0
2205,0
2206,0
2207,0
2208,0
2209,0
2210,0
2211,0
2212,0
2213,0
2214,0
2215,0
2216,0
2217,0
2218,0
2219,0
2220,0
2221,0
2222,0
2223,0
2224,0
2225,0
2226,0
2227,0
2228,0
2229,0
2230,0
2231,0
2232,0
2233,0
2234,0
2235,0
2236,0
2237,0
2238,0
2239,0
2240,0
2241,0
2242,0
2243,0
2244,0
2245,0
2246,0
2247,0
2248,0
2249,0
2250,0
2251,0
2252,0
2253,0
2254,0
2255,0
2256,0
2257,0
2258,0
2259,0
2260,0
2261,0
2262,0
2263,0
2264,0
2265,0
2266,0
2267,0
2268,0
2269,0
2270,0
2271,0
2272,0
2273,0
2274,0
2275,0
2276,0
2277,0
2278,0
2279,0
2280,0
2281,0
2282,0
2283,0
2284,0
2285,0
2286,0
2287,0
2288,0
2289,0
2290,0
2291,0
2292,0
2293,0
2294,0
2295,0
2296,0
2297,0
2298,0
2299,0
2300,0
2301,0
2302,0
2303,0
2304,0
2305,0
2306,0
2307,0
2308,0
2309,0
2310,0
2311,0
2312,0
2313,0
2314,0
2315,0
2316,0
2317,0
2318,0
2319,0
2320,0
2321,0
2322,0
2323,0
2324,0
2325,0
2326,0
2327,0
2328,0
2329,0
2330,0
2331,0
2332,0
2333,0
2334,0
2335,0
2336,0
2337,0
2338,0
2339,0
2340,0
2341,0
2342,0
2343,0
2344,0
2345,0
2346,0
2347,0
2348,0
2349,0
2350,0
2351,0
2352,0
2353,0
2354,0
2355,0
2356,0
2357,0
2358,0
2359,0
2360,0
2361,0
2362,0
2363,0
2364,0
2365,0
2366,0
2367,0
2368,0
2369,0
2370,0
2371,0
2372,0
2373,0
2374,0
2375,0
2376,0
2377,0
2378,0
2379,0
2380,0
2381,0
2382,0
2383,0
2384,0
2385,0
2386,0
2387,0
2388,0
2389,0
2390,0
2391,0
2392,0
2393,0
2394,0
2395,0
2396,0
2397,0
2398,0
2399,0
2400,0
2401,0
2402,0
2403,0
2404,0
2405,0
2406,0
2407,0
2408,0
2409,0
2410,0
2411,0
2412,0
2413,0
2414,0
2415,0
2416,0
2417,0
2418,0
2419,0
2420,0
2421,0
2422,0
2423,0
2424,0
2425,0
2426,0
2427,0
2428,0
2429,0
2430,0
2431,0
2432,0
2433,0
2434,0
2435,0
2436,0
2437,0
2438,0
2439,0
2440,0
2441,0
2442,0
2443,0
2444,0
2445,0
2446,0
2447,0
2448,0
2449,0
2450,0
2451,0
2452,0
2453,0
2454,0
2455,0
2456,0
2457,0
2458,0
2459,0
2460,0
2461,0
2462,0
2463,0
2464,0
2465,0
2466,0
2467,0
2468,0
2469,0
2470,0
2471,0
2472,0
2473,0
2474,0
2475,0
2476,0
2477,0
2478,0
2479,0
2480,0
2481,0
2482,0
2483,0
2484,0
2485,0
2486,0
2487,0
2488,0
2489,0
2490,0
2491,0
2492,0
2493,0
2494,0
2495,0
2496,0
2497,0
2498,0
2499,0
2500,0
2501,0
2502,0
2503,0
2504,0
2505,0
2506,0
2507,0
2508,0
2509,0
2510,0
2511,0
2512,0
2513,0
2514,0
2515,0
2516,0
2517,0
2518,0
2519,0
2520,0
2521,0
2522,0
2523,0
2524,0
2525,0
2526,0
2527,0
2528,0
2529,0
2530,0
2531,0
2532,0
2533,0
2534,0
2535,0
2536,0
2537,0
2538,0
2539,0
2540,0
2541,0
2542,0
2543,0
2544,0
2545,0
2546,0
2547,0
2548,0
2549,0
2550,0
2551,0
2552,0
2553,0
2554,0
2555,0
2556,0
2557,0
2558,0
2559,0
2560,0
2561,0
2562,0
2563,0
2564,0
2565,0
2566,0
2567,0
2568,0
2569,0
2570,0
2571,0
2572,0
2573,0
2574,0
2575,0
2576,0
2577,0
2578,0
2579,0
2580,0
2581,0
2582,0
2583,0
2584,0
2585,0
2586,0
2587,0
2588,0
2589,0
2590,0
2591,0
2592,0
2593,0
2594,0
2595,0
2596,0
2597,0
2598,0
2599,0
2600,0
2601,0
2602,0
2603,0
2604,0
2605,0
2606,0
2607,0
2608,0
2609,0
2610,0
2611,0
2612,0
2613,0
2614,0
2615,0
2616,0
2617,0
2618,0
2619,0
2620,0
2621,0
2622,0
2623,0
2624,0
2625,0
2626,0
2627,0
2628,0
2629,0
2630,0
2631,0
2632,0
2633,0
2634,0
2635,0
2636,0
2637,0
2638,0
2639,0
2640,0
2641,0
2642,0
2643,0
2644,0
2645,0
2646,0
2647,0
2648,0
2649,0
2650,0
2651,0
2652,0
2653,0
2654,0
2655,0
2656,0
2657,0
2658,0
2659,0
2660,0
2661,0
2662,0
2663,0
2664,0
2665,0
2666,0
2667,0
2668,0
2669,0
2670,0
2671,0
2672,0
2673,0
2674,0
2675,0
2676,0
2677,0
2678,0
2679,0
2680,0
2681,0
2682,0
2683,0
2684,0
2685,0
2686,0
2687,0
2688,0
2689,0
2690,0
